Feature_Name,Assigned_Type
MACCS_001,Numerical
MACCS_002,Numerical
MACCS_003,Categorical
MACCS_003,Categorical
MACCS_004,Numerical
MACCS_005,Numerical
MACCS_006,Numerical
MACCS_007,Categorical
MACCS_007,Categorical
MACCS_008,Categorical
MACCS_008,Categorical
MACCS_009,Categorical
MACCS_009,Categorical
MACCS_010,Categorical
MACCS_010,Categorical
MACCS_011,Categorical
MACCS_011,Categorical
MACCS_012,Categorical
MACCS_012,Categorical
MACCS_013,Categorical
MACCS_013,Categorical
MACCS_014,Categorical
MACCS_014,Categorical
MACCS_015,Categorical
MACCS_015,Categorical
MACCS_016,Categorical
MACCS_016,Categorical
MACCS_017,Categorical
MACCS_017,Categorical
MACCS_018,Categorical
MACCS_018,Categorical
MACCS_019,Categorical
MACCS_019,Categorical
MACCS_020,Categorical
MACCS_020,Categorical
MACCS_021,Numerical
MACCS_022,Categorical
MACCS_022,Categorical
MACCS_023,Categorical
MACCS_023,Categorical
MACCS_024,Categorical
MACCS_024,Categorical
MACCS_025,Categorical
MACCS_025,Categorical
MACCS_026,Categorical
MACCS_026,Categorical
MACCS_027,Categorical
MACCS_027,Categorical
MACCS_028,Categorical
MACCS_028,Categorical
MACCS_029,Categorical
MACCS_029,Categorical
MACCS_030,Categorical
MACCS_030,Categorical
MACCS_031,Categorical
MACCS_031,Categorical
MACCS_032,Categorical
MACCS_032,Categorical
MACCS_033,Categorical
MACCS_033,Categorical
MACCS_034,Categorical
MACCS_034,Categorical
MACCS_035,Categorical
MACCS_035,Categorical
MACCS_036,Categorical
MACCS_036,Categorical
MACCS_037,Categorical
MACCS_037,Categorical
MACCS_038,Categorical
MACCS_038,Categorical
MACCS_039,Categorical
MACCS_039,Categorical
MACCS_040,Categorical
MACCS_040,Categorical
MACCS_041,Categorical
MACCS_041,Categorical
MACCS_042,Categorical
MACCS_042,Categorical
MACCS_043,Categorical
MACCS_043,Categorical
MACCS_044,Categorical
MACCS_044,Categorical
MACCS_045,Categorical
MACCS_045,Categorical
MACCS_046,Categorical
MACCS_046,Categorical
MACCS_047,Categorical
MACCS_047,Categorical
MACCS_048,Categorical
MACCS_048,Categorical
MACCS_049,Categorical
MACCS_049,Categorical
MACCS_050,Categorical
MACCS_050,Categorical
MACCS_051,Categorical
MACCS_051,Categorical
MACCS_052,Categorical
MACCS_052,Categorical
MACCS_053,Categorical
MACCS_053,Categorical
MACCS_054,Categorical
MACCS_054,Categorical
MACCS_055,Categorical
MACCS_055,Categorical
MACCS_056,Categorical
MACCS_056,Categorical
MACCS_057,Categorical
MACCS_057,Categorical
MACCS_058,Categorical
MACCS_058,Categorical
MACCS_059,Categorical
MACCS_059,Categorical
MACCS_060,Categorical
MACCS_060,Categorical
MACCS_061,Categorical
MACCS_061,Categorical
MACCS_062,Categorical
MACCS_062,Categorical
MACCS_063,Categorical
MACCS_063,Categorical
MACCS_064,Categorical
MACCS_064,Categorical
MACCS_065,Categorical
MACCS_065,Categorical
MACCS_066,Categorical
MACCS_066,Categorical
MACCS_067,Categorical
MACCS_067,Categorical
MACCS_068,Numerical
MACCS_069,Categorical
MACCS_069,Categorical
MACCS_070,Categorical
MACCS_070,Categorical
MACCS_071,Categorical
MACCS_071,Categorical
MACCS_072,Categorical
MACCS_072,Categorical
MACCS_073,Categorical
MACCS_073,Categorical
MACCS_074,Categorical
MACCS_074,Categorical
MACCS_075,Categorical
MACCS_075,Categorical
MACCS_076,Categorical
MACCS_076,Categorical
MACCS_077,Categorical
MACCS_077,Categorical
MACCS_078,Categorical
MACCS_078,Categorical
MACCS_079,Categorical
MACCS_079,Categorical
MACCS_080,Categorical
MACCS_080,Categorical
MACCS_081,Categorical
MACCS_081,Categorical
MACCS_082,Categorical
MACCS_082,Categorical
MACCS_083,Categorical
MACCS_083,Categorical
MACCS_084,Categorical
MACCS_084,Categorical
MACCS_085,Categorical
MACCS_085,Categorical
MACCS_086,Categorical
MACCS_086,Categorical
MACCS_087,Categorical
MACCS_087,Categorical
MACCS_088,Categorical
MACCS_088,Categorical
MACCS_089,Categorical
MACCS_089,Categorical
MACCS_090,Categorical
MACCS_090,Categorical
MACCS_091,Categorical
MACCS_091,Categorical
MACCS_092,Categorical
MACCS_092,Categorical
MACCS_093,Categorical
MACCS_093,Categorical
MACCS_094,Categorical
MACCS_094,Categorical
MACCS_095,Categorical
MACCS_095,Categorical
MACCS_096,Categorical
MACCS_096,Categorical
MACCS_097,Categorical
MACCS_097,Categorical
MACCS_098,Categorical
MACCS_098,Categorical
MACCS_099,Categorical
MACCS_099,Categorical
MACCS_100,Categorical
MACCS_100,Categorical
MACCS_101,Categorical
MACCS_101,Categorical
MACCS_102,Categorical
MACCS_102,Categorical
MACCS_103,Categorical
MACCS_103,Categorical
MACCS_104,Categorical
MACCS_104,Categorical
MACCS_105,Categorical
MACCS_105,Categorical
MACCS_106,Categorical
MACCS_106,Categorical
MACCS_107,Categorical
MACCS_107,Categorical
MACCS_108,Categorical
MACCS_108,Categorical
MACCS_109,Categorical
MACCS_109,Categorical
MACCS_110,Categorical
MACCS_110,Categorical
MACCS_111,Categorical
MACCS_111,Categorical
MACCS_112,Categorical
MACCS_112,Categorical
MACCS_113,Categorical
MACCS_113,Categorical
MACCS_114,Categorical
MACCS_114,Categorical
MACCS_115,Categorical
MACCS_115,Categorical
MACCS_116,Categorical
MACCS_116,Categorical
MACCS_117,Categorical
MACCS_117,Categorical
MACCS_118,Categorical
MACCS_118,Categorical
MACCS_119,Categorical
MACCS_119,Categorical
MACCS_120,Categorical
MACCS_120,Categorical
MACCS_121,Categorical
MACCS_121,Categorical
MACCS_122,Categorical
MACCS_122,Categorical
MACCS_123,Categorical
MACCS_123,Categorical
MACCS_124,Categorical
MACCS_124,Categorical
MACCS_125,Categorical
MACCS_125,Categorical
MACCS_126,Categorical
MACCS_126,Categorical
MACCS_127,Categorical
MACCS_127,Categorical
MACCS_128,Categorical
MACCS_128,Categorical
MACCS_129,Categorical
MACCS_129,Categorical
MACCS_130,Categorical
MACCS_130,Categorical
MACCS_131,Categorical
MACCS_131,Categorical
MACCS_132,Categorical
MACCS_132,Categorical
MACCS_133,Categorical
MACCS_133,Categorical
MACCS_134,Categorical
MACCS_134,Categorical
MACCS_135,Categorical
MACCS_135,Categorical
MACCS_136,Categorical
MACCS_136,Categorical
MACCS_137,Categorical
MACCS_137,Categorical
MACCS_138,Categorical
MACCS_138,Categorical
MACCS_139,Categorical
MACCS_139,Categorical
MACCS_140,Categorical
MACCS_140,Categorical
MACCS_141,Categorical
MACCS_141,Categorical
MACCS_142,Categorical
MACCS_142,Categorical
MACCS_143,Categorical
MACCS_143,Categorical
MACCS_144,Categorical
MACCS_144,Categorical
MACCS_145,Categorical
MACCS_145,Categorical
MACCS_146,Categorical
MACCS_146,Categorical
MACCS_147,Categorical
MACCS_147,Categorical
MACCS_148,Categorical
MACCS_148,Categorical
MACCS_149,Categorical
MACCS_149,Categorical
MACCS_150,Categorical
MACCS_150,Categorical
MACCS_151,Categorical
MACCS_151,Categorical
MACCS_152,Categorical
MACCS_152,Categorical
MACCS_153,Categorical
MACCS_153,Categorical
MACCS_154,Categorical
MACCS_154,Categorical
MACCS_155,Categorical
MACCS_155,Categorical
MACCS_156,Categorical
MACCS_156,Categorical
MACCS_157,Categorical
MACCS_157,Categorical
MACCS_158,Categorical
MACCS_158,Categorical
MACCS_159,Categorical
MACCS_159,Categorical
MACCS_160,Categorical
MACCS_160,Categorical
MACCS_161,Categorical
MACCS_161,Categorical
MACCS_162,Categorical
MACCS_162,Categorical
MACCS_163,Categorical
MACCS_163,Categorical
MACCS_164,Categorical
MACCS_164,Categorical
MACCS_165,Categorical
MACCS_165,Categorical
MACCS_166,Categorical
MACCS_166,Categorical
morgan_0,Numerical
morgan_1,Numerical
morgan_2,Numerical
morgan_3,Numerical
morgan_4,Numerical
morgan_5,Numerical
morgan_6,Numerical
morgan_7,Numerical
morgan_8,Numerical
morgan_9,Numerical
morgan_10,Numerical
morgan_11,Numerical
morgan_12,Numerical
morgan_13,Numerical
morgan_14,Numerical
morgan_15,Categorical
morgan_15,Categorical
morgan_16,Numerical
morgan_17,Categorical
morgan_17,Categorical
morgan_18,Numerical
morgan_19,Categorical
morgan_19,Categorical
morgan_20,Numerical
morgan_21,Numerical
morgan_22,Numerical
morgan_23,Numerical
morgan_24,Categorical
morgan_24,Categorical
morgan_25,Numerical
morgan_26,Numerical
morgan_27,Numerical
morgan_28,Numerical
morgan_29,Numerical
morgan_30,Numerical
morgan_31,Numerical
morgan_32,Numerical
morgan_33,Numerical
morgan_34,Categorical
morgan_34,Categorical
morgan_35,Numerical
morgan_36,Numerical
morgan_37,Numerical
morgan_38,Numerical
morgan_39,Numerical
morgan_40,Numerical
morgan_41,Numerical
morgan_42,Numerical
morgan_43,Categorical
morgan_43,Categorical
morgan_44,Numerical
morgan_45,Numerical
morgan_46,Numerical
morgan_47,Numerical
morgan_48,Numerical
morgan_49,Numerical
morgan_50,Numerical
morgan_51,Numerical
morgan_52,Numerical
morgan_53,Numerical
morgan_54,Categorical
morgan_54,Categorical
morgan_55,Numerical
morgan_56,Numerical
morgan_57,Numerical
morgan_58,Numerical
morgan_59,Numerical
morgan_60,Numerical
morgan_61,Numerical
morgan_62,Numerical
morgan_63,Numerical
morgan_64,Numerical
morgan_65,Numerical
morgan_66,Numerical
morgan_67,Numerical
morgan_68,Numerical
morgan_69,Numerical
morgan_70,Numerical
morgan_71,Numerical
morgan_72,Numerical
morgan_73,Numerical
morgan_74,Numerical
morgan_75,Numerical
morgan_76,Categorical
morgan_76,Categorical
morgan_77,Numerical
morgan_78,Categorical
morgan_78,Categorical
morgan_79,Numerical
morgan_80,Numerical
morgan_81,Numerical
morgan_82,Categorical
morgan_82,Categorical
morgan_83,Numerical
morgan_84,Numerical
morgan_85,Numerical
morgan_86,Numerical
morgan_87,Numerical
morgan_88,Numerical
morgan_89,Numerical
morgan_90,Numerical
morgan_91,Numerical
morgan_92,Numerical
morgan_93,Numerical
morgan_94,Numerical
morgan_95,Numerical
morgan_96,Numerical
morgan_97,Numerical
morgan_98,Numerical
morgan_99,Numerical
morgan_100,Numerical
morgan_101,Numerical
morgan_102,Numerical
morgan_103,Numerical
morgan_104,Numerical
morgan_105,Numerical
morgan_106,Numerical
morgan_107,Numerical
morgan_108,Numerical
morgan_109,Numerical
morgan_110,Numerical
morgan_111,Numerical
morgan_112,Numerical
morgan_113,Numerical
morgan_114,Numerical
morgan_115,Numerical
morgan_116,Numerical
morgan_117,Numerical
morgan_118,Numerical
morgan_119,Numerical
morgan_120,Numerical
morgan_121,Numerical
morgan_122,Numerical
morgan_123,Numerical
morgan_124,Numerical
morgan_125,Numerical
morgan_126,Numerical
morgan_127,Numerical
morgan_128,Numerical
morgan_129,Numerical
morgan_130,Numerical
morgan_131,Numerical
morgan_132,Numerical
morgan_133,Numerical
morgan_134,Numerical
morgan_135,Numerical
morgan_136,Numerical
morgan_137,Numerical
morgan_138,Numerical
morgan_139,Numerical
morgan_140,Numerical
morgan_141,Categorical
morgan_141,Categorical
morgan_142,Numerical
morgan_143,Numerical
morgan_144,Numerical
morgan_145,Numerical
morgan_146,Numerical
morgan_147,Numerical
morgan_148,Numerical
morgan_149,Categorical
morgan_149,Categorical
morgan_150,Numerical
morgan_151,Numerical
morgan_152,Categorical
morgan_152,Categorical
morgan_153,Numerical
morgan_154,Numerical
morgan_155,Numerical
morgan_156,Numerical
morgan_157,Numerical
morgan_158,Numerical
morgan_159,Numerical
morgan_160,Numerical
morgan_161,Numerical
morgan_162,Numerical
morgan_163,Numerical
morgan_164,Numerical
morgan_165,Numerical
morgan_166,Numerical
morgan_167,Numerical
morgan_168,Numerical
morgan_169,Numerical
morgan_170,Numerical
morgan_171,Numerical
morgan_172,Numerical
morgan_173,Numerical
morgan_174,Categorical
morgan_174,Categorical
morgan_175,Numerical
morgan_176,Numerical
morgan_177,Numerical
morgan_178,Numerical
morgan_179,Numerical
morgan_180,Numerical
morgan_181,Numerical
morgan_182,Numerical
morgan_183,Numerical
morgan_184,Numerical
morgan_185,Numerical
morgan_186,Numerical
morgan_187,Numerical
morgan_188,Numerical
morgan_189,Numerical
morgan_190,Numerical
morgan_191,Numerical
morgan_192,Numerical
morgan_193,Numerical
morgan_194,Numerical
morgan_195,Numerical
morgan_196,Numerical
morgan_197,Numerical
morgan_198,Numerical
morgan_199,Numerical
morgan_200,Numerical
morgan_201,Numerical
morgan_202,Numerical
morgan_203,Numerical
morgan_204,Numerical
morgan_205,Numerical
morgan_206,Numerical
morgan_207,Numerical
morgan_208,Numerical
morgan_209,Numerical
morgan_210,Numerical
morgan_211,Numerical
morgan_212,Numerical
morgan_213,Numerical
morgan_214,Numerical
morgan_215,Numerical
morgan_216,Numerical
morgan_217,Numerical
morgan_218,Numerical
morgan_219,Numerical
morgan_220,Numerical
morgan_221,Numerical
morgan_222,Numerical
morgan_223,Numerical
morgan_224,Numerical
morgan_225,Numerical
morgan_226,Numerical
morgan_227,Numerical
morgan_228,Numerical
morgan_229,Numerical
morgan_230,Numerical
morgan_231,Numerical
morgan_232,Numerical
morgan_233,Numerical
morgan_234,Numerical
morgan_235,Numerical
morgan_236,Categorical
morgan_236,Categorical
morgan_237,Numerical
morgan_238,Numerical
morgan_239,Numerical
morgan_240,Numerical
morgan_241,Numerical
morgan_242,Numerical
morgan_243,Numerical
morgan_244,Numerical
morgan_245,Numerical
morgan_246,Numerical
morgan_247,Numerical
morgan_248,Numerical
morgan_249,Numerical
morgan_250,Numerical
morgan_251,Numerical
morgan_252,Numerical
morgan_253,Numerical
morgan_254,Numerical
morgan_255,Numerical
morgan_256,Numerical
morgan_257,Numerical
morgan_258,Numerical
morgan_259,Numerical
morgan_260,Numerical
morgan_261,Numerical
morgan_262,Numerical
morgan_263,Numerical
morgan_264,Numerical
morgan_265,Numerical
morgan_266,Numerical
morgan_267,Numerical
morgan_268,Numerical
morgan_269,Numerical
morgan_270,Numerical
morgan_271,Numerical
morgan_272,Numerical
morgan_273,Numerical
morgan_274,Numerical
morgan_275,Numerical
morgan_276,Numerical
morgan_277,Numerical
morgan_278,Numerical
morgan_279,Numerical
morgan_280,Numerical
morgan_281,Numerical
morgan_282,Numerical
morgan_283,Numerical
morgan_284,Numerical
morgan_285,Numerical
morgan_286,Numerical
morgan_287,Numerical
morgan_288,Numerical
morgan_289,Numerical
morgan_290,Numerical
morgan_291,Numerical
morgan_292,Numerical
morgan_293,Categorical
morgan_293,Categorical
morgan_294,Numerical
morgan_295,Numerical
morgan_296,Numerical
morgan_297,Numerical
morgan_298,Numerical
morgan_299,Numerical
morgan_300,Numerical
morgan_301,Numerical
morgan_302,Numerical
morgan_303,Numerical
morgan_304,Numerical
morgan_305,Numerical
morgan_306,Numerical
morgan_307,Numerical
morgan_308,Numerical
morgan_309,Numerical
morgan_310,Numerical
morgan_311,Numerical
morgan_312,Numerical
morgan_313,Numerical
morgan_314,Numerical
morgan_315,Numerical
morgan_316,Numerical
morgan_317,Numerical
morgan_318,Numerical
morgan_319,Numerical
morgan_320,Numerical
morgan_321,Numerical
morgan_322,Numerical
morgan_323,Numerical
morgan_324,Numerical
morgan_325,Numerical
morgan_326,Numerical
morgan_327,Numerical
morgan_328,Numerical
morgan_329,Numerical
morgan_330,Numerical
morgan_331,Numerical
morgan_332,Numerical
morgan_333,Numerical
morgan_334,Numerical
morgan_335,Numerical
morgan_336,Numerical
morgan_337,Numerical
morgan_338,Numerical
morgan_339,Numerical
morgan_340,Numerical
morgan_341,Numerical
morgan_342,Numerical
morgan_343,Numerical
morgan_344,Numerical
morgan_345,Numerical
morgan_346,Numerical
morgan_347,Numerical
morgan_348,Numerical
morgan_349,Numerical
morgan_350,Numerical
morgan_351,Numerical
morgan_352,Numerical
morgan_353,Numerical
morgan_354,Numerical
morgan_355,Numerical
morgan_356,Numerical
morgan_357,Numerical
morgan_358,Numerical
morgan_359,Numerical
morgan_360,Numerical
morgan_361,Numerical
morgan_362,Numerical
morgan_363,Numerical
morgan_364,Numerical
morgan_365,Numerical
morgan_366,Numerical
morgan_367,Numerical
morgan_368,Numerical
morgan_369,Numerical
morgan_370,Numerical
morgan_371,Numerical
morgan_372,Numerical
morgan_373,Numerical
morgan_374,Categorical
morgan_374,Categorical
morgan_375,Numerical
morgan_376,Numerical
morgan_377,Numerical
morgan_378,Numerical
morgan_379,Numerical
morgan_380,Numerical
morgan_381,Numerical
morgan_382,Categorical
morgan_382,Categorical
morgan_383,Numerical
morgan_384,Numerical
morgan_385,Numerical
morgan_386,Numerical
morgan_387,Numerical
morgan_388,Numerical
morgan_389,Numerical
morgan_390,Numerical
morgan_391,Numerical
morgan_392,Numerical
morgan_393,Numerical
morgan_394,Numerical
morgan_395,Numerical
morgan_396,Numerical
morgan_397,Numerical
morgan_398,Numerical
morgan_399,Numerical
morgan_400,Numerical
morgan_401,Numerical
morgan_402,Numerical
morgan_403,Numerical
morgan_404,Numerical
morgan_405,Numerical
morgan_406,Numerical
morgan_407,Numerical
morgan_408,Numerical
morgan_409,Numerical
morgan_410,Numerical
morgan_411,Numerical
morgan_412,Numerical
morgan_413,Numerical
morgan_414,Numerical
morgan_415,Numerical
morgan_416,Numerical
morgan_417,Numerical
morgan_418,Numerical
morgan_419,Numerical
morgan_420,Numerical
morgan_421,Numerical
morgan_422,Categorical
morgan_422,Categorical
morgan_423,Numerical
morgan_424,Numerical
morgan_425,Numerical
morgan_426,Numerical
morgan_427,Numerical
morgan_428,Numerical
morgan_429,Numerical
morgan_430,Numerical
morgan_431,Numerical
morgan_432,Numerical
morgan_433,Numerical
morgan_434,Numerical
morgan_435,Numerical
morgan_436,Numerical
morgan_437,Numerical
morgan_438,Numerical
morgan_439,Numerical
morgan_440,Numerical
morgan_441,Numerical
morgan_442,Numerical
morgan_443,Numerical
morgan_444,Numerical
morgan_445,Numerical
morgan_446,Numerical
morgan_447,Numerical
morgan_448,Numerical
morgan_449,Numerical
morgan_450,Numerical
morgan_451,Numerical
morgan_452,Numerical
morgan_453,Numerical
morgan_454,Numerical
morgan_455,Numerical
morgan_456,Numerical
morgan_457,Numerical
morgan_458,Numerical
morgan_459,Numerical
morgan_460,Numerical
morgan_461,Numerical
morgan_462,Numerical
morgan_463,Numerical
morgan_464,Numerical
morgan_465,Categorical
morgan_465,Categorical
morgan_466,Numerical
morgan_467,Numerical
morgan_468,Numerical
morgan_469,Numerical
morgan_470,Numerical
morgan_471,Numerical
morgan_472,Numerical
morgan_473,Numerical
morgan_474,Numerical
morgan_475,Numerical
morgan_476,Numerical
morgan_477,Numerical
morgan_478,Numerical
morgan_479,Numerical
morgan_480,Numerical
morgan_481,Numerical
morgan_482,Numerical
morgan_483,Numerical
morgan_484,Numerical
morgan_485,Numerical
morgan_486,Numerical
morgan_487,Numerical
morgan_488,Numerical
morgan_489,Numerical
morgan_490,Numerical
morgan_491,Numerical
morgan_492,Numerical
morgan_493,Numerical
morgan_494,Numerical
morgan_495,Numerical
morgan_496,Numerical
morgan_497,Numerical
morgan_498,Numerical
morgan_499,Numerical
morgan_500,Numerical
morgan_501,Numerical
morgan_502,Numerical
morgan_503,Numerical
morgan_504,Numerical
morgan_505,Numerical
morgan_506,Numerical
morgan_507,Numerical
morgan_508,Numerical
morgan_509,Categorical
morgan_509,Categorical
morgan_510,Numerical
morgan_511,Numerical
nAcid,Numerical
nBase,Numerical
nAromAtom,Numerical
nAtom,Numerical
nHeavyAtom,Numerical
nSpiro,Numerical
nBridgehead,Numerical
nHetero,Numerical
nB,Numerical
nC,Numerical
nN,Numerical
nO,Numerical
nS,Numerical
nP,Numerical
nF,Numerical
nCl,Numerical
nBr,Categorical
nBr,Categorical
nI,Numerical
nX,Numerical
ATS0dv,Numerical
ATS1dv,Numerical
ATS3dv,Numerical
ATS0Z,Numerical
ATS1Z,Numerical
ATS0v,Numerical
ATS0p,Numerical
AATS0dv,Numerical
AATS0d,Numerical
AATS0Z,Numerical
AATS0v,Numerical
AATS0i,Numerical
ATSC1dv,Numerical
ATSC2dv,Numerical
ATSC3dv,Numerical
ATSC4dv,Numerical
ATSC5dv,Numerical
ATSC6dv,Numerical
ATSC7dv,Numerical
ATSC8dv,Numerical
ATSC0d,Numerical
ATSC1d,Numerical
ATSC2d,Numerical
ATSC3d,Numerical
ATSC4d,Numerical
ATSC5d,Numerical
ATSC6d,Numerical
ATSC7d,Numerical
ATSC8d,Numerical
ATSC0Z,Numerical
ATSC1Z,Numerical
ATSC2Z,Numerical
ATSC3Z,Numerical
ATSC4Z,Numerical
ATSC5Z,Numerical
ATSC6Z,Numerical
ATSC7Z,Numerical
ATSC8Z,Numerical
ATSC0v,Numerical
ATSC1v,Numerical
ATSC2v,Numerical
ATSC3v,Numerical
ATSC4v,Numerical
ATSC5v,Numerical
ATSC6v,Numerical
ATSC7v,Numerical
ATSC8v,Numerical
ATSC1p,Numerical
ATSC2p,Numerical
ATSC3p,Numerical
ATSC5p,Numerical
ATSC6p,Numerical
ATSC7p,Numerical
ATSC8p,Numerical
ATSC0i,Numerical
ATSC1i,Numerical
ATSC2i,Numerical
ATSC3i,Numerical
ATSC4i,Numerical
ATSC5i,Numerical
ATSC6i,Numerical
ATSC7i,Numerical
ATSC8i,Numerical
AATSC0dv,Numerical
AATSC0d,Numerical
AATSC0Z,Numerical
AATSC0i,Numerical
BalabanJ,Numerical
BertzCT,Numerical
nBondsD,Numerical
nBondsT,Numerical
nBondsKD,Numerical
C1SP1,Numerical
C2SP1,Numerical
C1SP2,Numerical
C2SP2,Numerical
C3SP2,Numerical
C1SP3,Numerical
C2SP3,Numerical
C3SP3,Numerical
C4SP3,Numerical
FCSP3,Numerical
Xch-3d,Numerical
Xch-4d,Numerical
Xch-5d,Numerical
Xch-6d,Numerical
Xch-5dv,Numerical
Xch-6dv,Numerical
Xc-3d,Numerical
Xc-4d,Numerical
Xc-5d,Numerical
Xc-6d,Numerical
Xc-3dv,Numerical
Xc-4dv,Numerical
Xc-5dv,Numerical
Xc-6dv,Numerical
Xpc-4d,Numerical
Xpc-4dv,Numerical
Xp-2dv,Numerical
Xp-3dv,Numerical
Xp-6dv,Numerical
Xp-7dv,Numerical
MZ,Numerical
Mv,Numerical
NsssB,Numerical
NssssB,Numerical
NsCH3,Numerical
NdCH2,Numerical
NssCH2,Numerical
NtCH,Categorical
NtCH,Categorical
NdsCH,Numerical
NaaCH,Numerical
NsssCH,Numerical
NddC,Categorical
NddC,Categorical
NtsC,Numerical
NdssC,Numerical
NaasC,Numerical
NaaaC,Numerical
NssssC,Numerical
NsNH2,Numerical
NssNH,Numerical
NaaNH,Categorical
NaaNH,Categorical
NtN,Numerical
NsssNH,Categorical
NsssNH,Categorical
NdsN,Numerical
NaaN,Numerical
NsssN,Numerical
NddsN,Numerical
NaasN,Numerical
NssssN,Categorical
NssssN,Categorical
NsOH,Numerical
NdO,Numerical
NssO,Numerical
NaaO,Numerical
NssssSi,Numerical
NsSH,Numerical
NdS,Categorical
NdS,Categorical
NssS,Numerical
NaaS,Numerical
NdssS,Categorical
NdssS,Categorical
NddssS,Numerical
NsCl,Categorical
NsCl,Categorical
SsssCH,Numerical
SdssC,Numerical
SaasC,Numerical
SaaaC,Numerical
SssssC,Numerical
SddsN,Numerical
SdssS,Numerical
ECIndex,Numerical
fragCpx,Numerical
fMF,Numerical
GeomDiameter,Numerical
nHBAcc,Numerical
nHBDon,Numerical
IC0,Numerical
IC1,Numerical
IC2,Numerical
IC3,Numerical
TIC1,Numerical
CIC0,Numerical
CIC1,Numerical
CIC2,Numerical
CIC3,Numerical
CIC4,Numerical
MIC0,Numerical
MIC1,Numerical
MIC2,Numerical
ZMIC1,Numerical
Lipinski,Categorical
Lipinski,Categorical
GhoseFilter,Categorical
GhoseFilter,Categorical
FilterItLogS,Numerical
PEOE_VSA1,Numerical
PEOE_VSA2,Numerical
PEOE_VSA3,Numerical
PEOE_VSA4,Numerical
PEOE_VSA5,Numerical
PEOE_VSA6,Numerical
PEOE_VSA7,Numerical
PEOE_VSA8,Numerical
PEOE_VSA9,Numerical
PEOE_VSA10,Numerical
PEOE_VSA11,Numerical
PEOE_VSA12,Numerical
PEOE_VSA13,Numerical
SMR_VSA1,Numerical
SMR_VSA3,Numerical
SMR_VSA4,Numerical
SMR_VSA5,Numerical
SMR_VSA6,Numerical
SMR_VSA7,Numerical
SMR_VSA9,Numerical
SlogP_VSA1,Numerical
SlogP_VSA2,Numerical
SlogP_VSA3,Numerical
SlogP_VSA4,Numerical
SlogP_VSA5,Numerical
SlogP_VSA8,Numerical
SlogP_VSA10,Numerical
SlogP_VSA11,Numerical
EState_VSA1,Numerical
EState_VSA2,Numerical
EState_VSA3,Numerical
EState_VSA4,Numerical
EState_VSA5,Numerical
EState_VSA6,Numerical
EState_VSA7,Numerical
EState_VSA8,Numerical
EState_VSA9,Numerical
EState_VSA10,Numerical
VSA_EState1,Numerical
VSA_EState2,Numerical
VSA_EState4,Numerical
VSA_EState5,Numerical
VSA_EState7,Numerical
VSA_EState8,Numerical
VSA_EState9,Numerical
MOMI-X,Numerical
MOMI-Z,Numerical
PBF,Numerical
piPC1,Numerical
piPC2,Numerical
piPC3,Numerical
piPC7,Numerical
piPC8,Numerical
piPC9,Numerical
piPC10,Numerical
bpol,Numerical
nRing,Numerical
n4Ring,Numerical
n5Ring,Numerical
n6Ring,Numerical
n7Ring,Categorical
n7Ring,Categorical
n8Ring,Categorical
n8Ring,Categorical
n9Ring,Categorical
n9Ring,Categorical
n10Ring,Categorical
n10Ring,Categorical
n11Ring,Categorical
n11Ring,Categorical
n12Ring,Categorical
n12Ring,Categorical
nG12Ring,Numerical
nHRing,Numerical
n3HRing,Categorical
n3HRing,Categorical
n4HRing,Categorical
n4HRing,Categorical
n5HRing,Numerical
n6HRing,Numerical
n7HRing,Categorical
n7HRing,Categorical
n10HRing,Categorical
n10HRing,Categorical
n5aRing,Numerical
n6aRing,Numerical
n7aRing,Categorical
n7aRing,Categorical
naHRing,Numerical
n6aHRing,Numerical
nARing,Numerical
n5ARing,Numerical
n6ARing,Numerical
nAHRing,Numerical
n5AHRing,Numerical
n6AHRing,Numerical
nFRing,Numerical
n6FRing,Categorical
n6FRing,Categorical
n7FRing,Numerical
n8FRing,Numerical
n9FRing,Numerical
n10FRing,Numerical
n11FRing,Categorical
n11FRing,Categorical
n12FRing,Categorical
n12FRing,Categorical
nG12FRing,Numerical
nFHRing,Numerical
n7FHRing,Categorical
n7FHRing,Categorical
n8FHRing,Numerical
n9FHRing,Numerical
n10FHRing,Numerical
n11FHRing,Categorical
n11FHRing,Categorical
n12FHRing,Categorical
n12FHRing,Categorical
nG12FHRing,Categorical
nG12FHRing,Categorical
n9FaRing,Numerical
n10FaRing,Numerical
nFaHRing,Numerical
n10FaHRing,Numerical
nFARing,Numerical
n9FARing,Numerical
n10FARing,Categorical
n10FARing,Categorical
nFAHRing,Numerical
n9FAHRing,Numerical
n10FAHRing,Categorical
n10FAHRing,Categorical
nRot,Numerical
SLogP,Numerical
TopoPSA(NO),Numerical
TopoPSA,Numerical
GGI4,Numerical
GGI5,Numerical
GGI6,Numerical
GGI7,Numerical
GGI8,Numerical
JGI1,Numerical
JGI2,Numerical
JGI3,Numerical
JGI4,Numerical
JGI5,Numerical
JGI6,Numerical
JGI7,Numerical
JGI8,Numerical
JGI9,Numerical
JGI10,Numerical
JGT10,Numerical
Diameter,Numerical
SRW05,Numerical
TSRW10,Numerical
WPath,Numerical
animal_musk,Categorical
animal_musk,Categorical
