experiment,param_name,param_value,fold,model,global_dim,local_dim,dropout,lr,weight_decay,lambda_viol,beta,batch_size,seed,best_epoch,train_loss_at_best,val_meta_roc_auc,roc_auc_138,pr_auc_138,f1_macro_138,f1_micro_138,precision_macro_138,recall_macro_138,precision_micro_138,recall_micro_138,matched_accuracy_138,hamming_loss_138,jaccard_138,hier_violation_rate_138,roc_auc_12,pr_auc_12,f1_macro_12,instance_f1_12,balanced_accuracy_12,matched_accuracy_12,sensitivity_macro_12,specificity_macro_12,precision_macro_12,recall_macro_12,hamming_loss_12,jaccard_12,hier_violation_rate_12,label_cooc_consistency_12,test_loss
baseline_fine138_kfold,model,LR_C=0.01,0,LR,,,,,,,,,42,,,,0.8633,0.3003,0.3168,0.4256,0.2882,0.4263,0.3459,0.5529,0.0224,0.0539,0.2009,,,,,,,,,,,,,,,,
baseline_fine138_kfold,model,LR_C=0.1,0,LR,,,,,,,,,42,,,,0.8574,0.2987,0.3108,0.4156,0.2819,0.4205,0.3365,0.5433,0.0224,0.0551,0.1963,,,,,,,,,,,,,,,,
baseline_fine138_kfold,model,LR_C=1,0,LR,,,,,,,,,42,,,,0.8563,0.2977,0.3068,0.4034,0.2774,0.4197,0.3202,0.5449,0.0234,0.0582,0.1934,,,,,,,,,,,,,,,,
baseline_fine138_kfold,model,LR_C=10,0,LR,,,,,,,,,42,,,,0.8562,0.2977,0.3067,0.4034,0.2774,0.4196,0.3201,0.5455,0.0234,0.0582,0.1934,,,,,,,,,,,,,,,,
baseline_fine138_kfold,model,LR_C=100,0,LR,,,,,,,,,42,,,,0.8562,0.2977,0.3066,0.4034,0.2772,0.4196,0.32,0.5455,0.0234,0.0582,0.1933,,,,,,,,,,,,,,,,
baseline_fine138_kfold,model,RF_n_estimators=100_max_features=sqrt,0,RF,,,,,,,,,42,,,,0.8566,0.34,0.3469,0.459,0.3632,0.4035,0.4029,0.5333,0.0387,0.0454,0.2263,,,,,,,,,,,,,,,,
baseline_fine138_kfold,model,RF_n_estimators=100_max_features=log2,0,RF,,,,,,,,,42,,,,0.8641,0.354,0.3452,0.4448,0.3596,0.4117,0.3878,0.5214,0.0366,0.047,0.2237,,,,,,,,,,,,,,,,
baseline_fine138_kfold,model,RF_n_estimators=300_max_features=sqrt,0,RF,,,,,,,,,42,,,,0.8657,0.3492,0.3522,0.4615,0.3627,0.412,0.4035,0.539,0.0356,0.0454,0.2297,,,,,,,,,,,,,,,,
baseline_fine138_kfold,model,RF_n_estimators=300_max_features=log2,0,RF,,,,,,,,,42,,,,0.8717,0.3601,0.3566,0.4534,0.3833,0.4046,0.398,0.5266,0.0417,0.0458,0.2325,,,,,,,,,,,,,,,,
baseline_fine138_kfold,model,XGB_n_estimators=100_max_depth=3,0,XGB,,,,,,,,,42,,,,0.8469,0.3335,0.3297,0.4514,0.3619,0.3556,0.4068,0.5069,0.0376,0.0445,0.2115,,,,,,,,,,,,,,,,
baseline_fine138_kfold,model,XGB_n_estimators=100_max_depth=6,0,XGB,,,,,,,,,42,,,,0.8401,0.3396,0.3371,0.4667,0.3707,0.3485,0.4445,0.4912,0.0356,0.0405,0.219,,,,,,,,,,,,,,,,
baseline_fine138_kfold,model,XGB_n_estimators=300_max_depth=3,0,XGB,,,,,,,,,42,,,,0.8442,0.3342,0.3338,0.456,0.3962,0.3389,0.4425,0.4704,0.0417,0.0405,0.2143,,,,,,,,,,,,,,,,
baseline_fine138_kfold,model,XGB_n_estimators=300_max_depth=6,0,XGB,,,,,,,,,42,,,,0.8392,0.3392,0.3391,0.4752,0.3856,0.3389,0.4664,0.4843,0.0346,0.0386,0.2207,,,,,,,,,,,,,,,,
baseline_fine138_kfold,model,SVM_C=0.1,0,SVM,,,,,,,,,42,,,,0.8619,0.2878,0.29,0.3903,0.2745,0.4053,0.3034,0.5468,0.0285,0.0617,0.1817,,,,,,,,,,,,,,,,
baseline_fine138_kfold,model,SVM_C=1,0,SVM,,,,,,,,,42,,,,0.8605,0.3141,0.3227,0.4405,0.3222,0.3839,0.3718,0.5404,0.0366,0.0495,0.2073,,,,,,,,,,,,,,,,
baseline_fine138_kfold,model,SVM_C=10,0,SVM,,,,,,,,,42,,,,0.8431,0.3162,0.3133,0.4309,0.3292,0.3566,0.3819,0.4943,0.0346,0.0471,0.2007,,,,,,,,,,,,,,,,
baseline_fine138_kfold,model,KNN_n_neighbors=5_metric=euclidean,0,KNN,,,,,,,,,42,,,,0.7449,0.2381,0.2966,0.4098,0.3254,0.3594,0.3438,0.5074,0.0285,0.0527,0.188,,,,,,,,,,,,,,,,
baseline_fine138_kfold,model,KNN_n_neighbors=5_metric=cosine,0,KNN,,,,,,,,,42,,,,0.7445,0.2404,0.3098,0.4119,0.3578,0.3467,0.3639,0.4747,0.0295,0.0489,0.1964,,,,,,,,,,,,,,,,
baseline_fine138_kfold,model,KNN_n_neighbors=11_metric=euclidean,0,KNN,,,,,,,,,42,,,,0.7867,0.2573,0.3142,0.4084,0.332,0.3836,0.3382,0.5155,0.0254,0.0539,0.1996,,,,,,,,,,,,,,,,
baseline_fine138_kfold,model,KNN_n_neighbors=11_metric=cosine,0,KNN,,,,,,,,,42,,,,0.7913,0.2622,0.3114,0.4075,0.3281,0.3862,0.3389,0.5108,0.0275,0.0536,0.1973,,,,,,,,,,,,,,,,
baseline_fine138_kfold,model,KNN_n_neighbors=21_metric=euclidean,0,KNN,,,,,,,,,42,,,,0.8087,0.2542,0.2865,0.4146,0.2871,0.3486,0.3523,0.5037,0.0214,0.0513,0.1807,,,,,,,,,,,,,,,,
baseline_fine138_kfold,model,KNN_n_neighbors=21_metric=cosine,0,KNN,,,,,,,,,42,,,,0.8158,0.261,0.298,0.4141,0.3006,0.361,0.3568,0.4935,0.0305,0.0504,0.1883,,,,,,,,,,,,,,,,
baseline_fine138_kfold,model,LR_C=0.01,1,LR,,,,,,,,,42,,,,0.8505,0.2887,0.2976,0.3908,0.269,0.4144,0.3097,0.5295,0.0173,0.059,0.1867,,,,,,,,,,,,,,,,
baseline_fine138_kfold,model,LR_C=0.1,1,LR,,,,,,,,,42,,,,0.8452,0.2926,0.2992,0.4042,0.2681,0.4034,0.329,0.5239,0.0173,0.0552,0.1882,,,,,,,,,,,,,,,,
baseline_fine138_kfold,model,LR_C=1,1,LR,,,,,,,,,42,,,,0.8443,0.2912,0.2971,0.4,0.2728,0.3975,0.3261,0.5173,0.0173,0.0554,0.1863,,,,,,,,,,,,,,,,
baseline_fine138_kfold,model,LR_C=10,1,LR,,,,,,,,,42,,,,0.8442,0.2915,0.299,0.4026,0.2743,0.3934,0.3297,0.5167,0.0173,0.0548,0.1877,,,,,,,,,,,,,,,,
baseline_fine138_kfold,model,LR_C=100,1,LR,,,,,,,,,42,,,,0.8442,0.2916,0.299,0.4026,0.2743,0.3934,0.3297,0.5167,0.0173,0.0548,0.1877,,,,,,,,,,,,,,,,
baseline_fine138_kfold,model,RF_n_estimators=100_max_features=sqrt,1,RF,,,,,,,,,42,,,,0.839,0.3271,0.3304,0.4324,0.3431,0.389,0.3766,0.5076,0.0346,0.0476,0.2127,,,,,,,,,,,,,,,,
baseline_fine138_kfold,model,RF_n_estimators=100_max_features=log2,1,RF,,,,,,,,,42,,,,0.8443,0.3359,0.3311,0.4301,0.3448,0.3896,0.3739,0.5062,0.0335,0.0479,0.2135,,,,,,,,,,,,,,,,
baseline_fine138_kfold,model,RF_n_estimators=300_max_features=sqrt,1,RF,,,,,,,,,42,,,,0.8479,0.3332,0.3277,0.4375,0.346,0.3698,0.3952,0.4899,0.0315,0.045,0.2107,,,,,,,,,,,,,,,,
baseline_fine138_kfold,model,RF_n_estimators=300_max_features=log2,1,RF,,,,,,,,,42,,,,0.8556,0.3455,0.3398,0.4399,0.3442,0.3898,0.3936,0.4984,0.0376,0.0453,0.2197,,,,,,,,,,,,,,,,
baseline_fine138_kfold,model,XGB_n_estimators=100_max_depth=3,1,XGB,,,,,,,,,42,,,,0.8305,0.3136,0.3205,0.4346,0.3341,0.3452,0.3971,0.48,0.0295,0.0446,0.2058,,,,,,,,,,,,,,,,
baseline_fine138_kfold,model,XGB_n_estimators=100_max_depth=6,1,XGB,,,,,,,,,42,,,,0.8223,0.3202,0.316,0.4418,0.3455,0.3279,0.4158,0.4713,0.0285,0.0425,0.2039,,,,,,,,,,,,,,,,
baseline_fine138_kfold,model,XGB_n_estimators=300_max_depth=3,1,XGB,,,,,,,,,42,,,,0.8247,0.3122,0.3158,0.4373,0.3577,0.3198,0.4283,0.4466,0.0295,0.0411,0.2035,,,,,,,,,,,,,,,,
baseline_fine138_kfold,model,XGB_n_estimators=300_max_depth=6,1,XGB,,,,,,,,,42,,,,0.8201,0.3206,0.319,0.4449,0.3587,0.3222,0.4322,0.4584,0.0315,0.0408,0.2057,,,,,,,,,,,,,,,,
baseline_fine138_kfold,model,SVM_C=0.1,1,SVM,,,,,,,,,42,,,,0.8518,0.2801,0.2913,0.3894,0.2951,0.3739,0.3273,0.4804,0.0285,0.0538,0.1826,,,,,,,,,,,,,,,,
baseline_fine138_kfold,model,SVM_C=1,1,SVM,,,,,,,,,42,,,,0.8486,0.3056,0.3009,0.4169,0.305,0.3665,0.3608,0.4936,0.0244,0.0493,0.1897,,,,,,,,,,,,,,,,
baseline_fine138_kfold,model,SVM_C=10,1,SVM,,,,,,,,,42,,,,0.8313,0.3011,0.2989,0.4124,0.322,0.3433,0.3605,0.4816,0.0264,0.049,0.1879,,,,,,,,,,,,,,,,
baseline_fine138_kfold,model,KNN_n_neighbors=5_metric=euclidean,1,KNN,,,,,,,,,42,,,,0.7375,0.2318,0.2848,0.3709,0.3033,0.3636,0.3033,0.4771,0.0203,0.0578,0.1783,,,,,,,,,,,,,,,,
baseline_fine138_kfold,model,KNN_n_neighbors=5_metric=cosine,1,KNN,,,,,,,,,42,,,,0.7406,0.2346,0.2932,0.3834,0.3131,0.369,0.3171,0.4847,0.0183,0.0557,0.1838,,,,,,,,,,,,,,,,
baseline_fine138_kfold,model,KNN_n_neighbors=11_metric=euclidean,1,KNN,,,,,,,,,42,,,,0.7747,0.2538,0.2952,0.3841,0.3181,0.3696,0.317,0.4874,0.0163,0.0558,0.1864,,,,,,,,,,,,,,,,
baseline_fine138_kfold,model,KNN_n_neighbors=11_metric=cosine,1,KNN,,,,,,,,,42,,,,0.7773,0.2545,0.2988,0.3775,0.3112,0.3805,0.3097,0.4833,0.0173,0.0569,0.1884,,,,,,,,,,,,,,,,
baseline_fine138_kfold,model,KNN_n_neighbors=21_metric=euclidean,1,KNN,,,,,,,,,42,,,,0.7977,0.2544,0.2818,0.396,0.2885,0.3538,0.3363,0.4814,0.0132,0.0525,0.1762,,,,,,,,,,,,,,,,
baseline_fine138_kfold,model,KNN_n_neighbors=21_metric=cosine,1,KNN,,,,,,,,,42,,,,0.7984,0.2567,0.2849,0.4022,0.2907,0.3557,0.3394,0.4936,0.0173,0.0524,0.1788,,,,,,,,,,,,,,,,
baseline_fine138_kfold,model,LR_C=0.01,2,LR,,,,,,,,,42,,,,0.8727,0.3226,0.3231,0.3916,0.2887,0.4621,0.3027,0.5546,0.016,0.0613,0.2037,,,,,,,,,,,,,,,,
baseline_fine138_kfold,model,LR_C=0.1,2,LR,,,,,,,,,42,,,,0.8665,0.318,0.3236,0.4056,0.2972,0.4424,0.3207,0.5516,0.0211,0.0575,0.2039,,,,,,,,,,,,,,,,
baseline_fine138_kfold,model,LR_C=1,2,LR,,,,,,,,,42,,,,0.8653,0.3167,0.3208,0.3959,0.2877,0.4525,0.3111,0.5444,0.0211,0.0591,0.2015,,,,,,,,,,,,,,,,
baseline_fine138_kfold,model,LR_C=10,2,LR,,,,,,,,,42,,,,0.8652,0.3167,0.321,0.3962,0.2879,0.4515,0.3117,0.5436,0.0221,0.059,0.2018,,,,,,,,,,,,,,,,
baseline_fine138_kfold,model,LR_C=100,2,LR,,,,,,,,,42,,,,0.8652,0.3167,0.3212,0.3976,0.2878,0.452,0.312,0.5479,0.0221,0.0591,0.2019,,,,,,,,,,,,,,,,
baseline_fine138_kfold,model,RF_n_estimators=100_max_features=sqrt,2,RF,,,,,,,,,42,,,,0.8606,0.3387,0.3348,0.4212,0.3245,0.4284,0.3412,0.5501,0.0351,0.0538,0.2138,,,,,,,,,,,,,,,,
baseline_fine138_kfold,model,RF_n_estimators=100_max_features=log2,2,RF,,,,,,,,,42,,,,0.8637,0.3489,0.341,0.4255,0.338,0.4266,0.35,0.5424,0.0291,0.0521,0.2191,,,,,,,,,,,,,,,,
baseline_fine138_kfold,model,RF_n_estimators=300_max_features=sqrt,2,RF,,,,,,,,,42,,,,0.872,0.3456,0.3349,0.4236,0.344,0.4284,0.3429,0.554,0.0331,0.0537,0.2141,,,,,,,,,,,,,,,,
baseline_fine138_kfold,model,RF_n_estimators=300_max_features=log2,2,RF,,,,,,,,,42,,,,0.8742,0.3555,0.3506,0.4425,0.353,0.4243,0.3777,0.534,0.0361,0.0479,0.2253,,,,,,,,,,,,,,,,
baseline_fine138_kfold,model,XGB_n_estimators=100_max_depth=3,2,XGB,,,,,,,,,42,,,,0.8517,0.3232,0.3205,0.4361,0.347,0.3501,0.3958,0.4854,0.0361,0.0447,0.2043,,,,,,,,,,,,,,,,
baseline_fine138_kfold,model,XGB_n_estimators=100_max_depth=6,2,XGB,,,,,,,,,42,,,,0.8461,0.3251,0.3286,0.4546,0.3847,0.3321,0.4219,0.4928,0.0391,0.0421,0.2103,,,,,,,,,,,,,,,,
baseline_fine138_kfold,model,XGB_n_estimators=300_max_depth=3,2,XGB,,,,,,,,,42,,,,0.8463,0.3219,0.3271,0.4533,0.3887,0.328,0.433,0.4756,0.0451,0.0408,0.209,,,,,,,,,,,,,,,,
baseline_fine138_kfold,model,XGB_n_estimators=300_max_depth=6,2,XGB,,,,,,,,,42,,,,0.8425,0.3242,0.3329,0.46,0.3956,0.3316,0.4355,0.4874,0.0381,0.0407,0.2128,,,,,,,,,,,,,,,,
baseline_fine138_kfold,model,SVM_C=0.1,2,SVM,,,,,,,,,42,,,,0.8775,0.3067,0.295,0.4026,0.2741,0.3949,0.3294,0.5177,0.0331,0.0547,0.185,,,,,,,,,,,,,,,,
baseline_fine138_kfold,model,SVM_C=1,2,SVM,,,,,,,,,42,,,,0.8741,0.3318,0.335,0.433,0.3268,0.4117,0.3664,0.5291,0.0351,0.0493,0.2133,,,,,,,,,,,,,,,,
baseline_fine138_kfold,model,SVM_C=10,2,SVM,,,,,,,,,42,,,,0.8527,0.3181,0.3155,0.4344,0.3354,0.3636,0.38,0.5068,0.0361,0.047,0.2005,,,,,,,,,,,,,,,,
baseline_fine138_kfold,model,KNN_n_neighbors=5_metric=euclidean,2,KNN,,,,,,,,,42,,,,0.7453,0.2299,0.2917,0.401,0.3074,0.3578,0.3361,0.4968,0.0191,0.0528,0.1833,,,,,,,,,,,,,,,,
baseline_fine138_kfold,model,KNN_n_neighbors=5_metric=cosine,2,KNN,,,,,,,,,42,,,,0.7463,0.2345,0.2957,0.4005,0.3205,0.3523,0.3488,0.4701,0.0271,0.0501,0.1857,,,,,,,,,,,,,,,,
baseline_fine138_kfold,model,KNN_n_neighbors=11_metric=euclidean,2,KNN,,,,,,,,,42,,,,0.793,0.2567,0.2975,0.3958,0.2951,0.3904,0.3188,0.522,0.013,0.0567,0.1858,,,,,,,,,,,,,,,,
baseline_fine138_kfold,model,KNN_n_neighbors=11_metric=cosine,2,KNN,,,,,,,,,42,,,,0.7934,0.2623,0.3038,0.4024,0.3011,0.391,0.3309,0.5134,0.0291,0.0543,0.1907,,,,,,,,,,,,,,,,
baseline_fine138_kfold,model,KNN_n_neighbors=21_metric=euclidean,2,KNN,,,,,,,,,42,,,,0.8186,0.2631,0.2924,0.4003,0.2912,0.3712,0.3334,0.5007,0.016,0.0534,0.1841,,,,,,,,,,,,,,,,
baseline_fine138_kfold,model,KNN_n_neighbors=21_metric=cosine,2,KNN,,,,,,,,,42,,,,0.8213,0.282,0.308,0.406,0.3098,0.392,0.3345,0.5164,0.0231,0.0538,0.1942,,,,,,,,,,,,,,,,
baseline_fine138_kfold,model,LR_C=0.01,3,LR,,,,,,,,,42,,,,0.8578,0.2732,0.301,0.3925,0.2811,0.4203,0.3157,0.5187,0.0228,0.0561,0.1885,,,,,,,,,,,,,,,,
baseline_fine138_kfold,model,LR_C=0.1,3,LR,,,,,,,,,42,,,,0.8519,0.2769,0.2968,0.395,0.2753,0.4035,0.32,0.5158,0.0228,0.0553,0.1862,,,,,,,,,,,,,,,,
baseline_fine138_kfold,model,LR_C=1,3,LR,,,,,,,,,42,,,,0.8507,0.2757,0.2989,0.3966,0.275,0.4053,0.3214,0.5177,0.0238,0.0551,0.1869,,,,,,,,,,,,,,,,
baseline_fine138_kfold,model,LR_C=10,3,LR,,,,,,,,,42,,,,0.8506,0.2755,0.2992,0.3972,0.2773,0.4008,0.3226,0.5164,0.0238,0.0548,0.1871,,,,,,,,,,,,,,,,
baseline_fine138_kfold,model,LR_C=100,3,LR,,,,,,,,,42,,,,0.8506,0.2755,0.2992,0.3997,0.2773,0.3995,0.3262,0.5158,0.0238,0.0542,0.1871,,,,,,,,,,,,,,,,
baseline_fine138_kfold,model,RF_n_estimators=100_max_features=sqrt,3,RF,,,,,,,,,42,,,,0.8455,0.3037,0.3054,0.4187,0.3258,0.3758,0.3579,0.5043,0.0476,0.049,0.1945,,,,,,,,,,,,,,,,
baseline_fine138_kfold,model,RF_n_estimators=100_max_features=log2,3,RF,,,,,,,,,42,,,,0.8548,0.3166,0.3237,0.4441,0.3327,0.3914,0.3851,0.5243,0.0397,0.0459,0.206,,,,,,,,,,,,,,,,
baseline_fine138_kfold,model,RF_n_estimators=300_max_features=sqrt,3,RF,,,,,,,,,42,,,,0.8542,0.307,0.3111,0.4217,0.3184,0.3902,0.3615,0.506,0.0476,0.0485,0.1982,,,,,,,,,,,,,,,,
baseline_fine138_kfold,model,RF_n_estimators=300_max_features=log2,3,RF,,,,,,,,,42,,,,0.8625,0.3208,0.3246,0.4268,0.3271,0.4038,0.3637,0.5162,0.0496,0.0485,0.2073,,,,,,,,,,,,,,,,
baseline_fine138_kfold,model,XGB_n_estimators=100_max_depth=3,3,XGB,,,,,,,,,42,,,,0.8337,0.297,0.303,0.4207,0.3286,0.3367,0.3915,0.4546,0.0407,0.0438,0.1922,,,,,,,,,,,,,,,,
baseline_fine138_kfold,model,XGB_n_estimators=100_max_depth=6,3,XGB,,,,,,,,,42,,,,0.8321,0.3041,0.3069,0.4477,0.3542,0.3102,0.4375,0.4585,0.0446,0.0395,0.196,,,,,,,,,,,,,,,,
baseline_fine138_kfold,model,XGB_n_estimators=300_max_depth=3,3,XGB,,,,,,,,,42,,,,0.8304,0.2953,0.3052,0.4307,0.358,0.3122,0.4161,0.4463,0.0407,0.0413,0.1951,,,,,,,,,,,,,,,,
baseline_fine138_kfold,model,XGB_n_estimators=300_max_depth=6,3,XGB,,,,,,,,,42,,,,0.8302,0.3023,0.3063,0.4504,0.3533,0.3063,0.4452,0.4556,0.0516,0.0389,0.1959,,,,,,,,,,,,,,,,
baseline_fine138_kfold,model,SVM_C=0.1,3,SVM,,,,,,,,,42,,,,0.8561,0.2697,0.2817,0.3891,0.2802,0.3693,0.3206,0.4949,0.0308,0.0543,0.175,,,,,,,,,,,,,,,,
baseline_fine138_kfold,model,SVM_C=1,3,SVM,,,,,,,,,42,,,,0.8548,0.2938,0.2972,0.4022,0.3012,0.3839,0.3392,0.4938,0.0397,0.0513,0.1872,,,,,,,,,,,,,,,,
baseline_fine138_kfold,model,SVM_C=10,3,SVM,,,,,,,,,42,,,,0.8309,0.2945,0.2994,0.3994,0.3091,0.3625,0.3481,0.4685,0.0417,0.0493,0.19,,,,,,,,,,,,,,,,
baseline_fine138_kfold,model,KNN_n_neighbors=5_metric=euclidean,3,KNN,,,,,,,,,42,,,,0.7486,0.2221,0.2919,0.4004,0.3036,0.3701,0.3321,0.5039,0.0218,0.0528,0.182,,,,,,,,,,,,,,,,
baseline_fine138_kfold,model,KNN_n_neighbors=5_metric=cosine,3,KNN,,,,,,,,,42,,,,0.7495,0.2271,0.2847,0.3902,0.2973,0.3727,0.311,0.5234,0.0278,0.0572,0.1777,,,,,,,,,,,,,,,,
baseline_fine138_kfold,model,KNN_n_neighbors=11_metric=euclidean,3,KNN,,,,,,,,,42,,,,0.7892,0.2433,0.2948,0.3842,0.3019,0.3746,0.3089,0.508,0.0198,0.057,0.1862,,,,,,,,,,,,,,,,
baseline_fine138_kfold,model,KNN_n_neighbors=11_metric=cosine,3,KNN,,,,,,,,,42,,,,0.7881,0.2469,0.2952,0.394,0.3159,0.368,0.3273,0.4949,0.0288,0.0532,0.1859,,,,,,,,,,,,,,,,
baseline_fine138_kfold,model,KNN_n_neighbors=21_metric=euclidean,3,KNN,,,,,,,,,42,,,,0.8161,0.2526,0.2921,0.3953,0.2941,0.3858,0.3168,0.5255,0.0179,0.0562,0.1823,,,,,,,,,,,,,,,,
baseline_fine138_kfold,model,KNN_n_neighbors=21_metric=cosine,3,KNN,,,,,,,,,42,,,,0.8133,0.2543,0.2955,0.4014,0.2966,0.3828,0.3284,0.516,0.0248,0.0538,0.1848,,,,,,,,,,,,,,,,
baseline_fine138_kfold,model,LR_C=0.01,4,LR,,,,,,,,,42,,,,0.8611,0.2765,0.3108,0.3949,0.2828,0.4123,0.3139,0.5321,0.0219,0.0561,0.1957,,,,,,,,,,,,,,,,
baseline_fine138_kfold,model,LR_C=0.1,4,LR,,,,,,,,,42,,,,0.855,0.279,0.3118,0.3967,0.2914,0.4033,0.3269,0.5044,0.0219,0.0527,0.1957,,,,,,,,,,,,,,,,
baseline_fine138_kfold,model,LR_C=1,4,LR,,,,,,,,,42,,,,0.854,0.2781,0.3126,0.4021,0.29,0.4069,0.3288,0.5174,0.0219,0.0529,0.1965,,,,,,,,,,,,,,,,
baseline_fine138_kfold,model,LR_C=10,4,LR,,,,,,,,,42,,,,0.8539,0.2781,0.3117,0.3982,0.2888,0.4071,0.3236,0.5174,0.0219,0.0538,0.1961,,,,,,,,,,,,,,,,
baseline_fine138_kfold,model,LR_C=100,4,LR,,,,,,,,,42,,,,0.8539,0.2781,0.3126,0.3986,0.2896,0.4071,0.3241,0.5174,0.0219,0.0537,0.1967,,,,,,,,,,,,,,,,
baseline_fine138_kfold,model,RF_n_estimators=100_max_features=sqrt,4,RF,,,,,,,,,42,,,,0.8506,0.3193,0.3175,0.4269,0.3197,0.3889,0.3657,0.5126,0.0398,0.0473,0.2023,,,,,,,,,,,,,,,,
baseline_fine138_kfold,model,RF_n_estimators=100_max_features=log2,4,RF,,,,,,,,,42,,,,0.8562,0.3293,0.3208,0.4221,0.3409,0.3835,0.3583,0.5134,0.0239,0.0483,0.2038,,,,,,,,,,,,,,,,
baseline_fine138_kfold,model,RF_n_estimators=300_max_features=sqrt,4,RF,,,,,,,,,42,,,,0.8594,0.327,0.3195,0.4289,0.321,0.3815,0.3628,0.5244,0.0378,0.048,0.2038,,,,,,,,,,,,,,,,
baseline_fine138_kfold,model,RF_n_estimators=300_max_features=log2,4,RF,,,,,,,,,42,,,,0.8646,0.339,0.3293,0.4288,0.347,0.3944,0.3628,0.5241,0.0388,0.048,0.21,,,,,,,,,,,,,,,,
baseline_fine138_kfold,model,XGB_n_estimators=100_max_depth=3,4,XGB,,,,,,,,,42,,,,0.8341,0.3135,0.3027,0.4243,0.3168,0.3474,0.3685,0.5,0.0329,0.0466,0.1913,,,,,,,,,,,,,,,,
baseline_fine138_kfold,model,XGB_n_estimators=100_max_depth=6,4,XGB,,,,,,,,,42,,,,0.8377,0.3184,0.3205,0.4438,0.3419,0.3389,0.4103,0.4832,0.0359,0.0416,0.2033,,,,,,,,,,,,,,,,
baseline_fine138_kfold,model,XGB_n_estimators=300_max_depth=3,4,XGB,,,,,,,,,42,,,,0.8292,0.3124,0.3063,0.4382,0.3332,0.3311,0.4015,0.4822,0.0319,0.0425,0.1931,,,,,,,,,,,,,,,,
baseline_fine138_kfold,model,XGB_n_estimators=300_max_depth=6,4,XGB,,,,,,,,,42,,,,0.834,0.3173,0.3187,0.4477,0.3439,0.3342,0.4166,0.4838,0.0408,0.041,0.2025,,,,,,,,,,,,,,,,
baseline_fine138_kfold,model,SVM_C=0.1,4,SVM,,,,,,,,,42,,,,0.8625,0.2776,0.2852,0.3834,0.2644,0.3861,0.3035,0.5204,0.0159,0.0575,0.1783,,,,,,,,,,,,,,,,
baseline_fine138_kfold,model,SVM_C=1,4,SVM,,,,,,,,,42,,,,0.8564,0.303,0.3129,0.4113,0.3142,0.3775,0.3502,0.4983,0.0319,0.049,0.1977,,,,,,,,,,,,,,,,
baseline_fine138_kfold,model,SVM_C=10,4,SVM,,,,,,,,,42,,,,0.836,0.3015,0.31,0.4104,0.3207,0.3532,0.3569,0.4828,0.0349,0.0477,0.1962,,,,,,,,,,,,,,,,
baseline_fine138_kfold,model,KNN_n_neighbors=5_metric=euclidean,4,KNN,,,,,,,,,42,,,,0.7463,0.231,0.296,0.3829,0.3018,0.3831,0.3045,0.5155,0.0229,0.0571,0.1874,,,,,,,,,,,,,,,,
baseline_fine138_kfold,model,KNN_n_neighbors=5_metric=cosine,4,KNN,,,,,,,,,42,,,,0.744,0.2324,0.2908,0.3734,0.3088,0.3694,0.2978,0.5002,0.0229,0.0577,0.1837,,,,,,,,,,,,,,,,
baseline_fine138_kfold,model,KNN_n_neighbors=11_metric=euclidean,4,KNN,,,,,,,,,42,,,,0.7846,0.2535,0.2982,0.3921,0.2993,0.3784,0.3192,0.5082,0.0149,0.0542,0.1887,,,,,,,,,,,,,,,,
baseline_fine138_kfold,model,KNN_n_neighbors=11_metric=cosine,4,KNN,,,,,,,,,42,,,,0.7861,0.2522,0.2931,0.3857,0.2862,0.386,0.3111,0.5071,0.0249,0.0555,0.1845,,,,,,,,,,,,,,,,
baseline_fine138_kfold,model,KNN_n_neighbors=21_metric=euclidean,4,KNN,,,,,,,,,42,,,,0.8034,0.2581,0.2974,0.4077,0.2987,0.3638,0.3503,0.4876,0.0229,0.0487,0.1872,,,,,,,,,,,,,,,,
baseline_fine138_kfold,model,KNN_n_neighbors=21_metric=cosine,4,KNN,,,,,,,,,42,,,,0.8044,0.2546,0.288,0.4121,0.2811,0.3585,0.347,0.5073,0.0249,0.0497,0.1814,,,,,,,,,,,,,,,,
