Model,Config,Label,Bal.Acc_mean,Bal.Acc_std,Bal.Acc_count,MCC_mean,MCC_std,MCC_count,F1_mean,F1_std,F1_count,ROC_AUC_mean,ROC_AUC_std,ROC_AUC_count,PR_AUC_mean,PR_AUC_std,PR_AUC_count,Precision_mean,Precision_std,Precision_count,Sensitivity_mean,Sensitivity_std,Sensitivity_count,Specificity_mean,Specificity_std,Specificity_count
KNN,KNN_n_neighbors=21_metric=cosine,fine_alcoholic,0.783,0.0651344762779282,5,0.5176000000000001,0.0980525369381129,5,0.5206,0.0993846064539172,5,0.9292,0.0342154935665116,5,0.542,0.0645561770863176,5,0.493,0.1262358903006589,5,0.5801999999999999,0.133010149988638,5,0.986,0.0080932070281193,5
KNN,KNN_n_neighbors=21_metric=cosine,fine_aldehydic,0.626,0.0696024424858783,5,0.2576,0.1032051355311352,5,0.2546,0.0803635489510014,5,0.8320000000000001,0.0302158898594762,5,0.2454,0.0854856713139693,5,0.3334,0.2397119104258276,5,0.2782,0.1585424233446682,5,0.9738,0.0235944908824072,5
KNN,KNN_n_neighbors=21_metric=cosine,fine_alliaceous,0.7528,0.0760703621655635,5,0.4262,0.0290981099042532,5,0.4253999999999999,0.0342753555780242,5,0.935,0.0372827037646144,5,0.4344,0.0476319220691334,5,0.3936,0.1014263279429951,5,0.5306,0.1705968932894148,5,0.975,0.0185876302954411,5
KNN,KNN_n_neighbors=21_metric=cosine,fine_almond,0.6054,0.073839691223623,5,0.2472,0.0950299952646531,5,0.2211999999999999,0.0564331462883295,5,0.8094000000000001,0.0424063674464106,5,0.173,0.072773621594641,5,0.3936,0.343332637539748,5,0.223,0.1602248420189578,5,0.9884,0.0128957357293021,5
KNN,KNN_n_neighbors=21_metric=cosine,fine_amber,0.6614,0.0378985487848809,5,0.3412,0.0507809019218839,5,0.3432,0.0486384621467414,5,0.8946,0.0278711320186318,5,0.2852,0.0239729013680029,5,0.3944,0.1260924264180843,5,0.3372,0.086491039998372,5,0.9858,0.0129884564132925,5
KNN,KNN_n_neighbors=21_metric=cosine,fine_animal,0.647,0.0515460958754395,5,0.3068,0.0530961392193443,5,0.3142,0.0530301800864375,5,0.7432,0.0578679531347014,5,0.198,0.0237170824512628,5,0.3538,0.0896141729861967,5,0.3094,0.1088200349200458,5,0.9842,0.0076615925237511,5
KNN,KNN_n_neighbors=21_metric=cosine,fine_anisic,0.673,0.0693072867741913,5,0.3828,0.151420606259518,5,0.3888,0.1492337093286902,5,0.7939999999999999,0.1185242591202324,5,0.3474,0.1841162676137011,5,0.4372,0.1746387700368964,5,0.354,0.1384413233106358,5,0.9922,0.0021679483388678,5
KNN,KNN_n_neighbors=21_metric=cosine,fine_apple,0.7354,0.0512620717490037,5,0.3952,0.0568084500756709,5,0.4282,0.0511145771771615,5,0.8848,0.0230260721791625,5,0.403,0.0587324441854755,5,0.3686,0.0522474879778922,5,0.5324,0.1135486679798578,5,0.9382,0.017796066981218,5
KNN,KNN_n_neighbors=21_metric=cosine,fine_apricot,0.6698000000000001,0.1379391170045684,5,0.143,0.0996293129555754,5,0.1167999999999999,0.0699442635246093,5,0.77,0.1088324400167524,5,0.0663999999999999,0.0263020911716159,5,0.0712,0.0418652600612966,5,0.4105999999999999,0.3258877107225739,5,0.9294,0.0517426323257717,5
KNN,KNN_n_neighbors=21_metric=cosine,fine_aromatic,0.5626,0.1124112983645327,5,0.0698,0.1216416869333864,5,0.0722,0.1051151749273148,5,0.6712,0.0709133273792733,5,0.046,0.0292061637330204,5,0.0504,0.0703086054476975,5,0.1458,0.2436415399721484,5,0.979,0.019824227601599,5
KNN,KNN_n_neighbors=21_metric=cosine,fine_balsamic,0.7156,0.0442074654328881,5,0.38,0.0429359988820569,5,0.4024,0.0496970824093326,5,0.8725999999999999,0.0213143144388929,5,0.411,0.0600666296707248,5,0.3942,0.1479922295257423,5,0.4987999999999999,0.1447262933954987,5,0.9318,0.0595079826577913,5
KNN,KNN_n_neighbors=21_metric=cosine,fine_banana,0.7262000000000001,0.107271617867915,5,0.3638,0.1342784420523264,5,0.3614,0.1412720779205855,5,0.8695999999999999,0.0291856128940271,5,0.286,0.10550118482747,5,0.3332,0.1315131172164967,5,0.4857999999999999,0.2347407080163131,5,0.9666,0.0344934776443315,5
KNN,KNN_n_neighbors=21_metric=cosine,fine_beefy,0.6508,0.1015293061140476,5,0.2093999999999999,0.1328657216892302,5,0.1964,0.1302125185994035,5,0.8614,0.0842543767409147,5,0.2068,0.0733873286065108,5,0.172,0.1370802684561129,5,0.3194,0.2156960824864466,5,0.9826,0.0199949993748437,5
KNN,KNN_n_neighbors=21_metric=cosine,fine_bergamot,0.666,0.1583319298183408,5,0.3452,0.2752393503843518,5,0.3292,0.2526167057025327,5,0.8606,0.0790177195317606,5,0.3678,0.3357509493657464,5,0.4034,0.3742429692058356,5,0.3358,0.3180058175568491,5,0.9968,0.0025884358211089,5
KNN,KNN_n_neighbors=21_metric=cosine,fine_berry,0.6294000000000001,0.0484128082226181,5,0.166,0.0599458088610038,5,0.1826,0.0597603547512897,5,0.7368,0.0266964417104602,5,0.1156,0.0262830744015992,5,0.135,0.0524404424085075,5,0.3399999999999999,0.1269783446104098,5,0.9186,0.0483042441199528,5
KNN,KNN_n_neighbors=21_metric=cosine,fine_bitter,0.5572,0.0322986067810981,5,0.1466,0.0846244645477889,5,0.125,0.0321403173599764,5,0.6794,0.0630777298259853,5,0.0915999999999999,0.0458181186868251,5,0.3006,0.3937998222447542,5,0.1252,0.0733498466256065,5,0.9886,0.0100895986045035,5
KNN,KNN_n_neighbors=21_metric=cosine,fine_black currant,0.721,0.0397492138287035,5,0.2992,0.0437172734739942,5,0.2822,0.061601136353155,5,0.8705999999999999,0.080142373311501,5,0.1698,0.045400440526497,5,0.2195999999999999,0.0825578584993579,5,0.4589999999999999,0.0880482822092515,5,0.983,0.0095131487952202,5
KNN,KNN_n_neighbors=21_metric=cosine,fine_brandy,0.6125999999999999,0.0212320512433443,5,0.1217999999999999,0.0281992907712233,5,0.1127999999999999,0.0330333165153001,5,0.7548,0.150255449152435,5,0.0477999999999999,0.0075299402388066,5,0.0748,0.0255088220033775,5,0.255,0.0516042633897626,5,0.9706,0.014976648490233,5
KNN,KNN_n_neighbors=21_metric=cosine,fine_burnt,0.6638,0.0701619555029647,5,0.229,0.0633166644731069,5,0.2454,0.0531535511513577,5,0.8320000000000001,0.036619666847201,5,0.2255999999999999,0.0431311952071815,5,0.1948,0.0534153535980058,5,0.3984,0.1674643245589937,5,0.9294,0.0381024933567345,5
KNN,KNN_n_neighbors=21_metric=cosine,fine_buttery,0.6576000000000001,0.0792767305077599,5,0.2878,0.1083268203170387,5,0.2992,0.1187295245505514,5,0.8513999999999999,0.0476843789935446,5,0.239,0.0652954822326935,5,0.2962,0.0546095229790555,5,0.3376,0.167843081477909,5,0.9776,0.0117813411800185,5
KNN,KNN_n_neighbors=21_metric=cosine,fine_cabbage,0.6888,0.1134535147097699,5,0.2242,0.126872770916379,5,0.204,0.1151064724505099,5,0.851,0.0387620948866286,5,0.1586,0.0811498613677189,5,0.148,0.0900583144412552,5,0.4016,0.2321256125463108,5,0.9764,0.0127593103261892,5
KNN,KNN_n_neighbors=21_metric=cosine,fine_camphoreous,0.7083999999999999,0.0880244284275677,5,0.3772,0.071649842986569,5,0.3807999999999999,0.0713946776727789,5,0.8812,0.0259846108302587,5,0.3419999999999999,0.0922686295552285,5,0.3774,0.0721408344836681,5,0.4394,0.1909916228529408,5,0.9778,0.0169026625121606,5
KNN,KNN_n_neighbors=21_metric=cosine,fine_caramellic,0.735,0.0734540672801717,5,0.4387999999999999,0.0612470407448392,5,0.4533999999999999,0.074808421985763,5,0.8824,0.0148087811787465,5,0.4572,0.0635743659032475,5,0.4546,0.0790145556211006,5,0.5034,0.1630837208307438,5,0.9668,0.0181851587840194,5
KNN,KNN_n_neighbors=21_metric=cosine,fine_cedar,0.6786,0.094211464270544,5,0.27,0.0973062176841747,5,0.261,0.0859476584905022,5,0.8782,0.0638529560787908,5,0.2334,0.1054907578890207,5,0.2258,0.0898008908641779,5,0.3712,0.1920538986847181,5,0.986,0.0073824115301166,5
KNN,KNN_n_neighbors=21_metric=cosine,fine_celery,0.5936,0.1055120846159339,5,0.1109999999999999,0.1191364763621956,5,0.103,0.1066442684817144,5,0.6562,0.0898982758455355,5,0.059,0.0378615900352851,5,0.0736,0.0742078162999019,5,0.1996,0.22226178258981,5,0.988,0.0124899959967967,5
KNN,KNN_n_neighbors=21_metric=cosine,fine_chamomile,0.7016,0.0926676858457143,5,0.3774,0.1057511229254801,5,0.3506,0.0767841129401128,5,0.8272,0.0712439471113161,5,0.2395999999999999,0.1153507693949199,5,0.4282,0.324834111509244,5,0.4086,0.1897809263334964,5,0.9946,0.0045055521304275,5
KNN,KNN_n_neighbors=21_metric=cosine,fine_cheesy,0.7046,0.0445342564774578,5,0.4054,0.0651252639150122,5,0.4262,0.0654041283100692,5,0.8736,0.0257546112376017,5,0.4182,0.1070172883229621,5,0.4276,0.0581661413538838,5,0.4326,0.0917104138034498,5,0.977,0.0058309518948453,5
KNN,KNN_n_neighbors=21_metric=cosine,fine_cherry,0.5422,0.0281371640361995,5,0.1314,0.0809431899544365,5,0.1248,0.0776221617838616,5,0.8128,0.0339514359048332,5,0.1462,0.0335663521997848,5,0.2215999999999999,0.1248551160345462,5,0.0882,0.0577555192167813,5,0.9962,0.0017888543819998,5
KNN,KNN_n_neighbors=21_metric=cosine,fine_chocolate,0.6342000000000001,0.0842597175404712,5,0.1941999999999999,0.097916801418347,5,0.1934,0.091023623307359,5,0.8384,0.0300549496755525,5,0.122,0.0502145397270551,5,0.1592,0.0739168451707728,5,0.2914,0.1759298155515432,5,0.9774,0.0119707978013163,5
KNN,KNN_n_neighbors=21_metric=cosine,fine_cinnamon,0.6900000000000001,0.0876213444315938,5,0.2988,0.0313958595996351,5,0.2794,0.034085187398634,5,0.8466000000000001,0.0471518822529917,5,0.3048,0.1383986994158543,5,0.292,0.1487699566444784,5,0.4009999999999999,0.1928691266118037,5,0.9792,0.0182674574038096,5
KNN,KNN_n_neighbors=21_metric=cosine,fine_citrus,0.742,0.0424205139054207,5,0.4096,0.0299382698230876,5,0.4518,0.025449950884039,5,0.8676,0.0159311016568221,5,0.399,0.0352420203734121,5,0.3876,0.0218586367369971,5,0.5572,0.1042650468757387,5,0.9264,0.0196035711032454,5
KNN,KNN_n_neighbors=21_metric=cosine,fine_clean,0.5955999999999999,0.061836882198248,5,0.1412,0.0802009975000311,5,0.134,0.0845103543951864,5,0.7332,0.0416617330412454,5,0.0931999999999999,0.0705953256242932,5,0.1834,0.1891409527310254,5,0.2412,0.1412788023731798,5,0.95,0.0424381903478458,5
KNN,KNN_n_neighbors=21_metric=cosine,fine_clove,0.7326,0.0887090750712687,5,0.3842,0.0605656668418667,5,0.374,0.0510245039172356,5,0.8614,0.0441395514249975,5,0.285,0.0892524509467387,5,0.3376,0.0496920516783117,5,0.4728,0.1812503793099479,5,0.9932,0.0039623225512318,5
KNN,KNN_n_neighbors=21_metric=cosine,fine_cocoa,0.7184,0.099846382007562,5,0.3416,0.0861498694137141,5,0.3456,0.0640570058619664,5,0.8378,0.0817477828445518,5,0.2556,0.0606943160435966,5,0.2874,0.0354513751496327,5,0.4641999999999999,0.2103894008737132,5,0.9722,0.0113446022407134,5
KNN,KNN_n_neighbors=21_metric=cosine,fine_coconut,0.6843999999999999,0.1024880480836668,5,0.3696,0.1163692399218968,5,0.3545999999999999,0.1017855588971245,5,0.8446,0.0320437201335925,5,0.3612,0.1210359450741803,5,0.4362,0.2278611419263934,5,0.3816,0.2157621375496637,5,0.9874,0.013630847369111,5
KNN,KNN_n_neighbors=21_metric=cosine,fine_coffee,0.7038,0.0654117726407104,5,0.362,0.0404474968323133,5,0.3545999999999999,0.0628354995205735,5,0.9146,0.0249759884689274,5,0.3474,0.0218357505023298,5,0.3783999999999999,0.1681986920282081,5,0.4349999999999999,0.1603355855697668,5,0.9728,0.0323372849818904,5
KNN,KNN_n_neighbors=21_metric=cosine,fine_cognac,0.7614,0.0774680579335767,5,0.4126,0.0794908799800329,5,0.4092,0.0725203419738213,5,0.9016,0.0431196011113275,5,0.364,0.0937843270488198,5,0.3516,0.1214384617820894,5,0.5492,0.1629438553612869,5,0.974,0.0119791485507109,5
KNN,KNN_n_neighbors=21_metric=cosine,fine_cooked,0.6512,0.0722128797376202,5,0.2082,0.0488896717109043,5,0.1878,0.0769298381643949,5,0.7766,0.0523287683783977,5,0.1104,0.0288496100493576,5,0.2222,0.1673893664484097,5,0.3424,0.1721171112934446,5,0.9602,0.0327368294127577,5
KNN,KNN_n_neighbors=21_metric=cosine,fine_cooling,0.7158,0.0624875987696759,5,0.2602,0.0585465626659669,5,0.2442,0.0503706263610052,5,0.8535999999999999,0.049490403110098,5,0.2046,0.0767710883080342,5,0.1682,0.0390602099328715,5,0.4714,0.1363040718393988,5,0.9604,0.0163340135912763,5
KNN,KNN_n_neighbors=21_metric=cosine,fine_cortex,0.5035999999999999,0.0204034310840113,5,0.023,0.0613758910322286,5,0.0236,0.052771204268995,5,0.6534,0.1137202708403387,5,0.0424,0.0408203380681738,5,0.05,0.1118033988749895,5,0.0154,0.0344354468534967,5,0.9918,0.0167092788593643,5
KNN,KNN_n_neighbors=21_metric=cosine,fine_coumarinic,0.6482,0.1411796727578018,5,0.1612,0.1517273871125447,5,0.1432,0.1349951850993212,5,0.8333999999999999,0.0648328620377043,5,0.1586,0.0799393520113842,5,0.0962,0.0955991631762538,5,0.3192,0.3039271294241434,5,0.9774,0.0231257432312996,5
KNN,KNN_n_neighbors=21_metric=cosine,fine_creamy,0.6186,0.040451205173641,5,0.2678,0.0555760739887228,5,0.2832,0.0619612782308434,5,0.7442,0.0238264558841637,5,0.2052,0.0281549285205983,5,0.3438,0.0734520251592833,5,0.2578,0.0893599462846749,5,0.979,0.0111130553854464,5
KNN,KNN_n_neighbors=21_metric=cosine,fine_cucumber,0.7002,0.094929974191506,5,0.3932,0.1918950233851832,5,0.3604,0.2151692357192356,5,0.8976000000000001,0.0753246307657727,5,0.3262,0.156264839295345,5,0.5028,0.3734524066062502,5,0.4116000000000001,0.1894011615592681,5,0.989,0.0125896783120141,5
KNN,KNN_n_neighbors=21_metric=cosine,fine_dairy,0.6324,0.0782770719942946,5,0.2748,0.1028868310329363,5,0.2786,0.1098990445818343,5,0.799,0.080873357788582,5,0.2118,0.0799699943728896,5,0.3314,0.1197823025325527,5,0.281,0.1616786937107051,5,0.9842,0.0075960516059331,5
KNN,KNN_n_neighbors=21_metric=cosine,fine_dry,0.5444,0.0250359741172577,5,0.1166,0.0559356773446071,5,0.1296,0.0600608025254408,5,0.6972,0.0518719577421172,5,0.0916,0.0239332404826425,5,0.1874,0.0654698403847145,5,0.1028,0.0543709481248947,5,0.9856,0.0047749345545253,5
KNN,KNN_n_neighbors=21_metric=cosine,fine_earthy,0.6487999999999999,0.0489612091353961,5,0.2395999999999999,0.0487113949707868,5,0.2897999999999999,0.0453508544572205,5,0.7264,0.0568796976081975,5,0.2284,0.0417468561690578,5,0.2418,0.0239520354041154,5,0.3818,0.1259928569403837,5,0.9156,0.0296529931035637,5
KNN,KNN_n_neighbors=21_metric=cosine,fine_ethereal,0.8033999999999999,0.0383835902437487,5,0.5278,0.0555760739887228,5,0.5514,0.0533741510471126,5,0.9014,0.0276188341535264,5,0.5396000000000001,0.081177583112581,5,0.484,0.0600041665220007,5,0.6506000000000001,0.0806678374570683,5,0.9564,0.0127003936946852,5
KNN,KNN_n_neighbors=21_metric=cosine,fine_fatty,0.7634000000000001,0.0317064662174768,5,0.4958,0.0393344632606064,5,0.558,0.0343292877875437,5,0.8448,0.015319921670818,5,0.5124000000000001,0.0603804604156013,5,0.5236000000000001,0.0194113368936814,5,0.6006,0.0687262686314338,5,0.9256,0.0082036577207974,5
KNN,KNN_n_neighbors=21_metric=cosine,fine_fermented,0.665,0.0382557185267771,5,0.4024,0.080847387094451,5,0.4056,0.0789322494294949,5,0.8337999999999999,0.0341130473572795,5,0.3676,0.0271808756297511,5,0.517,0.1120156239102384,5,0.3406,0.0777547426206273,5,0.9896,0.0059413803110051,5
KNN,KNN_n_neighbors=21_metric=cosine,fine_fishy,0.6832,0.0536348767128255,5,0.4422,0.0954159315837769,5,0.4282,0.0919004896613723,5,0.851,0.0488006147502262,5,0.3912,0.0908828916793474,5,0.5730000000000001,0.1977106471589226,5,0.3724,0.1101149399491277,5,0.9938,0.0067601775124622,5
KNN,KNN_n_neighbors=21_metric=cosine,fine_floral,0.7544000000000001,0.0213377599574088,5,0.4742,0.0257623756668518,5,0.5942000000000001,0.0165589854761697,5,0.8404,0.0163187009286891,5,0.5696,0.0420273720329977,5,0.542,0.0766257136997757,5,0.6824,0.1002661458319805,5,0.8268000000000001,0.0667360472308632,5
KNN,KNN_n_neighbors=21_metric=cosine,fine_fresh,0.6486,0.0480967774388264,5,0.2376,0.0287106252108866,5,0.3134,0.0300882036685475,5,0.7432000000000001,0.0135535973084639,5,0.2478,0.0135351394525509,5,0.2716,0.0683578817694053,5,0.4731999999999999,0.2027577372136511,5,0.8240000000000001,0.1166361864945866,5
KNN,KNN_n_neighbors=21_metric=cosine,fine_fruit skin,0.562,0.0603158354000008,5,0.0809999999999999,0.0938056501496578,5,0.0829999999999999,0.0927200086281272,5,0.6946,0.0489213654756283,5,0.069,0.0487031826475436,5,0.0683999999999999,0.0917458445925481,5,0.149,0.1372115155517203,5,0.975,0.0266739573366982,5
KNN,KNN_n_neighbors=21_metric=cosine,fine_fruity,0.7544000000000001,0.0089610267268879,5,0.502,0.0190394327646597,5,0.6991999999999999,0.0113446022407134,5,0.836,0.0062449979983984,5,0.7614,0.0135018517248561,5,0.6704,0.029108418026406,5,0.733,0.0341979531551231,5,0.7758,0.0327062685123203,5
KNN,KNN_n_neighbors=21_metric=cosine,fine_garlic,0.8034000000000001,0.0586668560603003,5,0.5158,0.069337579998151,5,0.5208,0.0629460086105545,5,0.9472,0.0356258333235869,5,0.5508,0.097312383590168,5,0.4508,0.0522704505433041,5,0.6258,0.1200404098626791,5,0.9812,0.0039623225512317,5
KNN,KNN_n_neighbors=21_metric=cosine,fine_gassy,0.621,0.1536261696456694,5,0.156,0.1942073634031418,5,0.1467999999999999,0.1769878526905166,5,0.8234,0.1221855146897536,5,0.1319999999999999,0.1052615789355261,5,0.1072,0.132188123520988,5,0.2536,0.3114069684512535,5,0.9888,0.0108489630840924,5
KNN,KNN_n_neighbors=21_metric=cosine,fine_geranium,0.615,0.0340661121937916,5,0.2235999999999999,0.0516797832812793,5,0.2251999999999999,0.0471243037083838,5,0.8308,0.0538535049927114,5,0.1416,0.0486805916151396,5,0.2428,0.1133124000275344,5,0.2405999999999999,0.0703192718961167,5,0.9898,0.0046583258795408,5
KNN,KNN_n_neighbors=21_metric=cosine,fine_grape,0.6198,0.0395562890069328,5,0.4134,0.0586327553505717,5,0.3498,0.0862189074391458,5,0.7876,0.0553696667860661,5,0.3114,0.0607354920948204,5,0.7866,0.229233069167605,5,0.2412,0.0804810536710348,5,0.998,0.0023452078799117,5
KNN,KNN_n_neighbors=21_metric=cosine,fine_grapefruit,0.6592,0.0775867256687636,5,0.2996,0.1397150671903356,5,0.2966,0.1482642910481145,5,0.8352,0.0709062761679105,5,0.231,0.0808455317256309,5,0.3212,0.1614131345337175,5,0.3344,0.1609092912171326,5,0.984,0.0154110350074224,5
KNN,KNN_n_neighbors=21_metric=cosine,fine_grassy,0.5254000000000001,0.0242857983191823,5,0.0288,0.0276532095786366,5,0.0356,0.0330499621784957,5,0.6736000000000001,0.0691324815119492,5,0.0416,0.0300216588482382,5,0.0232,0.0216956216781174,5,0.0774,0.0732311409169623,5,0.9738,0.027444489428663,5
KNN,KNN_n_neighbors=21_metric=cosine,fine_green,0.7146,0.0299716532743857,5,0.3985999999999999,0.0641428094177359,5,0.5940000000000001,0.0396799697580529,5,0.7924,0.0299883310639321,5,0.6254,0.0443204241856957,5,0.5098,0.0637393128296814,5,0.7192000000000001,0.0342666018157622,5,0.7104,0.0672480482988167,5
KNN,KNN_n_neighbors=21_metric=cosine,fine_hawthorn,0.6412,0.1470125844953417,5,0.1978,0.1974315071106939,5,0.19,0.1838423237451049,5,0.8184000000000001,0.1671789460428554,5,0.2045999999999999,0.2057347807250878,5,0.1444,0.1369554672147118,5,0.2906,0.297675662424727,5,0.9924,0.0050299105359837,5
KNN,KNN_n_neighbors=21_metric=cosine,fine_hay,0.6083999999999999,0.0943095965424516,5,0.131,0.0910109883475616,5,0.1324,0.0701876057434644,5,0.7362,0.1039504689744111,5,0.0656,0.0234904235806849,5,0.0931999999999999,0.0417516466741133,5,0.2524,0.1995552555058372,5,0.9652,0.0179080987265538,5
KNN,KNN_n_neighbors=21_metric=cosine,fine_hazelnut,0.7192000000000001,0.0398208488106419,5,0.4018,0.075750907585322,5,0.3928,0.071684726406676,5,0.8654,0.0552114118638529,5,0.2882,0.0831125742592539,5,0.4044,0.2074627677439978,5,0.4478,0.0850394026319564,5,0.9906,0.006268971207463,5
KNN,KNN_n_neighbors=21_metric=cosine,fine_herbal,0.6662,0.0285254272535925,5,0.2808,0.0414089362336199,5,0.4019999999999999,0.0320390386872015,5,0.7378,0.0278783069787245,5,0.3398,0.0266777060483093,5,0.3338,0.0498116452247865,5,0.5284,0.0933182725943852,5,0.8044,0.0654087150156613,5
KNN,KNN_n_neighbors=21_metric=cosine,fine_honey,0.6554,0.0947459761678563,5,0.2602,0.0752309776621306,5,0.266,0.0724327274096454,5,0.8122,0.0270591943708603,5,0.2378,0.0645306128903174,5,0.265,0.0410609303352956,5,0.3452,0.2147852415786522,5,0.9656,0.0263020911716159,5
KNN,KNN_n_neighbors=21_metric=cosine,fine_hyacinth,0.615,0.0960442606301907,5,0.183,0.1140613869808709,5,0.1664,0.1148686206063257,5,0.8528,0.0407946074867745,5,0.1651999999999999,0.047420459719408,5,0.2094,0.1880473344666177,5,0.2461999999999999,0.2085142680969338,5,0.9844,0.0193597520645281,5
KNN,KNN_n_neighbors=21_metric=cosine,fine_jasmin,0.6706,0.0620870356837883,5,0.3346,0.095324708234539,5,0.3306,0.0806678374570683,5,0.8099999999999999,0.044407206622349,5,0.3139999999999999,0.0789398505192402,5,0.379,0.2227689385888436,5,0.359,0.1354677083293284,5,0.982,0.0153297097167559,5
KNN,KNN_n_neighbors=21_metric=cosine,fine_juicy,0.5614,0.07348333144326,5,0.0654,0.0785480744512556,5,0.0668,0.0673030459934764,5,0.6900000000000001,0.0751964094887515,5,0.0356,0.0214079424513426,5,0.0424,0.043304734152284,5,0.158,0.1526171681037228,5,0.9652,0.0187403308401959,5
KNN,KNN_n_neighbors=21_metric=cosine,fine_ketonic,0.7452,0.0488589807507278,5,0.4316,0.0979096522310236,5,0.4278,0.1045595524091414,5,0.8936,0.0676631361968982,5,0.3014,0.0588752919313356,5,0.3972,0.1410414832593588,5,0.4987999999999999,0.0983498856125415,5,0.992,0.0035355339059327,5
KNN,KNN_n_neighbors=21_metric=cosine,fine_lactonic,0.6906,0.1357453498282722,5,0.2462,0.1315397278391589,5,0.2322,0.1182526955295311,5,0.8442000000000001,0.0968694998438621,5,0.205,0.093279150939532,5,0.1818,0.0885561968469739,5,0.406,0.2836661770461893,5,0.9756,0.0159467865101405,5
KNN,KNN_n_neighbors=21_metric=cosine,fine_lavender,0.656,0.1395707705789431,5,0.2506,0.1451061680287919,5,0.242,0.1262299489027861,5,0.7274,0.1408129965592665,5,0.1893999999999999,0.1255559636178226,5,0.2275999999999999,0.0561319873156117,5,0.3206,0.2805633618275915,5,0.9922,0.0051672042731055,5
KNN,KNN_n_neighbors=21_metric=cosine,fine_leafy,0.5908,0.0212884945451762,5,0.1654,0.021349473061413,5,0.1852,0.0147885090526394,5,0.6866,0.0344427060493219,5,0.0974,0.0305826748339644,5,0.183,0.0633087671653776,5,0.2118,0.0531667189132449,5,0.9698,0.0143422452914458,5
KNN,KNN_n_neighbors=21_metric=cosine,fine_leathery,0.6327999999999999,0.0528838349592765,5,0.244,0.1308109322648531,5,0.2498,0.1312219493834777,5,0.7422000000000001,0.0497363046476112,5,0.1268,0.0937613993069642,5,0.2362,0.1538934696470256,5,0.2772,0.102125902688789,5,0.9888,0.0046583258795408,5
KNN,KNN_n_neighbors=21_metric=cosine,fine_lemon,0.6706000000000001,0.1134649725686301,5,0.2418,0.1184744698236713,5,0.2364,0.1045791566231053,5,0.8009999999999999,0.0540046294311885,5,0.131,0.0626538107380548,5,0.1956,0.0700307075503311,5,0.3681999999999999,0.2411466358877933,5,0.973,0.0231192560433936,5
KNN,KNN_n_neighbors=21_metric=cosine,fine_lily,0.6708000000000001,0.0797947366685296,5,0.2172,0.0813000615005917,5,0.2084,0.0718734999843474,5,0.7594,0.0364869839805923,5,0.1206,0.0583763650803987,5,0.1538,0.0688600029044437,5,0.3722,0.171994767362266,5,0.9692,0.0149899966644425,5
KNN,KNN_n_neighbors=21_metric=cosine,fine_malty,0.5469999999999999,0.1050951949424901,5,0.0336,0.0751318840439929,5,0.0222,0.0496407091004953,5,0.835,0.0315356940624429,5,0.4008,0.102458284194105,5,0.0124,0.0277272429209973,5,0.1,0.223606797749979,5,0.994,0.0134164078649987,5
KNN,KNN_n_neighbors=21_metric=cosine,fine_meaty,0.7545999999999999,0.0525861198416464,5,0.4648,0.0368876673157845,5,0.493,0.0296816441593116,5,0.9118,0.0176550276125527,5,0.4758,0.0407394158033715,5,0.4599999999999999,0.0490866580650995,5,0.5522,0.1200154156764871,5,0.9568,0.0160218600667961,5
KNN,KNN_n_neighbors=21_metric=cosine,fine_medicinal,0.6602,0.0682619952828805,5,0.3216,0.0642207131695063,5,0.312,0.0742462120245874,5,0.8352,0.0341423490697403,5,0.2437999999999999,0.0625955269967431,5,0.3766,0.173527519431357,5,0.331,0.1402943334564871,5,0.9896,0.0067675697262754,5
KNN,KNN_n_neighbors=21_metric=cosine,fine_melon,0.6766,0.0603183222578347,5,0.2884,0.0368211895516698,5,0.2942,0.0442628512411932,5,0.8286,0.0148087811787466,5,0.2395999999999999,0.045654134533468,5,0.2722,0.0783402833796253,5,0.3886,0.1467252534501133,5,0.9644,0.030204304329019,5
KNN,KNN_n_neighbors=21_metric=cosine,fine_metallic,0.612,0.0693181073024934,5,0.1476,0.0580112058140494,5,0.1589999999999999,0.0510881590977791,5,0.7272000000000001,0.0664281566807329,5,0.0998,0.0304006578876181,5,0.1262,0.0277434676996225,5,0.276,0.1742354728521147,5,0.948,0.0372155881318568,5
KNN,KNN_n_neighbors=21_metric=cosine,fine_milky,0.5926,0.0602229192251587,5,0.1573999999999999,0.0670022387685665,5,0.1546,0.0771381876893669,5,0.7314,0.0354231562681814,5,0.1173999999999999,0.0475426124650297,5,0.1844,0.0987841080336306,5,0.2098,0.1386802076721837,5,0.9756,0.0252448014450499,5
KNN,KNN_n_neighbors=21_metric=cosine,fine_mint,0.7123999999999999,0.0700878020771089,5,0.351,0.0468881648180007,5,0.3672,0.0417755909593149,5,0.8583999999999999,0.0242755020545404,5,0.3654,0.0687989825506162,5,0.3334,0.0862919463217744,5,0.4774,0.1678818036595985,5,0.9474,0.0306153556242614,5
KNN,KNN_n_neighbors=21_metric=cosine,fine_muguet,0.6586000000000001,0.1457233680642881,5,0.1914,0.1419253324815552,5,0.1748,0.1199633277297691,5,0.7982,0.0729636895996906,5,0.1426,0.1030281514926867,5,0.1352,0.0800043748803776,5,0.3381999999999999,0.307826574551321,5,0.9796,0.0193468343663763,5
KNN,KNN_n_neighbors=21_metric=cosine,fine_mushroom,0.6758,0.0872679780904771,5,0.2533999999999999,0.0588073124704742,5,0.2387999999999999,0.0548425017664219,5,0.8099999999999999,0.0658559033041078,5,0.2152,0.055872175543825,5,0.2372,0.1330496148059061,5,0.393,0.1997223072167954,5,0.959,0.0316622803979751,5
KNN,KNN_n_neighbors=21_metric=cosine,fine_musk,0.7744,0.0878993742867376,5,0.5468,0.119072246976363,5,0.5512,0.1190848437039743,5,0.8806,0.0465918447799612,5,0.5492,0.1188410703418645,5,0.5612,0.0777637447657968,5,0.5574,0.1775691414632621,5,0.9916,0.0023021728866442,5
KNN,KNN_n_neighbors=21_metric=cosine,fine_musty,0.6262000000000001,0.054815143892906,5,0.1624,0.0648251494406299,5,0.1886,0.0620830089476984,5,0.7238,0.0154499190936393,5,0.1217999999999999,0.0255382066715734,5,0.1387999999999999,0.0477357308522662,5,0.354,0.1583540337345405,5,0.8987999999999999,0.0681336921060351,5
KNN,KNN_n_neighbors=21_metric=cosine,fine_natural,0.5296000000000001,0.0278352294763309,5,0.0358,0.0308496353300975,5,0.048,0.0329772648956823,5,0.6275999999999999,0.0739783752187083,5,0.0294,0.0128569047597001,5,0.0336,0.0226008849384266,5,0.0921999999999999,0.0738423997443203,5,0.9672,0.022286767374386,5
KNN,KNN_n_neighbors=21_metric=cosine,fine_nutty,0.6992,0.0200424549394528,5,0.4218,0.0304088802819176,5,0.4598,0.0283760462362183,5,0.8358000000000001,0.0170205757834452,5,0.4088,0.0213002347404905,5,0.4922000000000001,0.0458988017272782,5,0.4347999999999999,0.0449188156566933,5,0.9636,0.008734987120769,5
KNN,KNN_n_neighbors=21_metric=cosine,fine_odorless,0.885,0.0357631094844953,5,0.6990000000000001,0.0609138736249797,5,0.7036,0.0703796845687731,5,0.9428,0.0307441051260237,5,0.766,0.0593380147965871,5,0.6532,0.1257843392477776,5,0.79,0.0821583836257749,5,0.9798,0.0154012986465427,5
KNN,KNN_n_neighbors=21_metric=cosine,fine_oily,0.6748000000000001,0.0236050841981128,5,0.3114,0.0240478689284518,5,0.3676,0.0203543607121422,5,0.8002,0.0164225454787009,5,0.3259999999999999,0.0367899442782943,5,0.3288,0.0209093280618961,5,0.422,0.0548452368032083,5,0.927,0.0108627804912002,5
KNN,KNN_n_neighbors=21_metric=cosine,fine_onion,0.8122,0.0477357308522661,5,0.5650000000000001,0.0417193000900062,5,0.5738000000000001,0.0415836506333919,5,0.947,0.0247386337537058,5,0.5952,0.0619128419635216,5,0.5334,0.0918928724113029,5,0.6474,0.104801240450674,5,0.9768,0.0122963409191515,5
KNN,KNN_n_neighbors=21_metric=cosine,fine_orange,0.6689999999999999,0.1141424548535731,5,0.2128,0.1012728986451953,5,0.2048,0.0810660224755106,5,0.861,0.0348137903710584,5,0.1826,0.0695938215648486,5,0.1608,0.0543525528379302,5,0.3802,0.2446154124334768,5,0.9574,0.0234584739486608,5
KNN,KNN_n_neighbors=21_metric=cosine,fine_orangeflower,0.7216,0.0936845771725528,5,0.2958,0.0424817607921329,5,0.2673999999999999,0.0395828245581338,5,0.8404,0.0535611799720656,5,0.2493999999999999,0.0911663315045636,5,0.2315999999999999,0.1044236563236511,5,0.4549999999999999,0.1941932027646694,5,0.9882,0.0070498226928058,5
KNN,KNN_n_neighbors=21_metric=cosine,fine_orris,0.6288,0.0703541043578837,5,0.2872,0.1265412976067497,5,0.2895999999999999,0.131904510916041,5,0.731,0.0705088646909025,5,0.1562,0.0785219714474872,5,0.3358,0.1075881034315597,5,0.2636,0.1421383129209011,5,0.9942,0.0019235384061671,5
KNN,KNN_n_neighbors=21_metric=cosine,fine_ozone,0.5822,0.0692798672054154,5,0.1396,0.1144740145185797,5,0.1284,0.1017585377253427,5,0.7098,0.0822173947531785,5,0.0868,0.0448241006602474,5,0.1594,0.2001656813742056,5,0.1748,0.1447953728542456,5,0.9898,0.0109407495172862,5
KNN,KNN_n_neighbors=21_metric=cosine,fine_peach,0.6392,0.0773188204772939,5,0.2133999999999999,0.0464844059873846,5,0.2046,0.0513789840304379,5,0.788,0.0396042926966256,5,0.155,0.0406386515524322,5,0.2208,0.1116342241429571,5,0.3174,0.1901783373573341,5,0.9604,0.042264642433126,5
KNN,KNN_n_neighbors=21_metric=cosine,fine_pear,0.7578,0.0774093017666481,5,0.3452,0.0656064021266217,5,0.3368,0.0516643010211112,5,0.8602000000000001,0.0435970182466645,5,0.2895999999999999,0.0371254629600763,5,0.2477999999999999,0.0299616421445821,5,0.563,0.1700191165722255,5,0.9526,0.020007498594277,5
KNN,KNN_n_neighbors=21_metric=cosine,fine_phenolic,0.6876,0.067825511424537,5,0.457,0.1123921705458169,5,0.4592,0.1173805776097561,5,0.8779999999999999,0.0337045990927054,5,0.4804,0.1053698249025782,5,0.5856,0.084281077354291,5,0.3848,0.1365529201445358,5,0.9904,0.0020736441353327,5
KNN,KNN_n_neighbors=21_metric=cosine,fine_pine,0.7018000000000001,0.0907865628824001,5,0.4086,0.0779891018027519,5,0.4016,0.083757387733859,5,0.9084,0.0740695618996089,5,0.3432,0.1302697201962144,5,0.4542,0.0991599717628035,5,0.4126,0.1868028372375537,5,0.9914,0.005899152481501,5
KNN,KNN_n_neighbors=21_metric=cosine,fine_pineapple,0.693,0.0382687862363048,5,0.3434,0.0576046873092806,5,0.368,0.0569956138663318,5,0.8676,0.0342753555780242,5,0.3288,0.0646467323226781,5,0.3356,0.0743827937092981,5,0.4234,0.0831011431930993,5,0.9624,0.0113929802949009,5
KNN,KNN_n_neighbors=21_metric=cosine,fine_plum,0.5694,0.0556713570878239,5,0.0972,0.069066634491627,5,0.0914,0.0564473205741423,5,0.7102,0.0308415304419219,5,0.072,0.0419583126448144,5,0.1068,0.1300603705976574,5,0.1656,0.1306418769001731,5,0.9736,0.0217324641953,5
KNN,KNN_n_neighbors=21_metric=cosine,fine_popcorn,0.7051999999999999,0.1480057431318123,5,0.422,0.2476741811331976,5,0.4082,0.2343559258905138,5,0.9048,0.0563843950042917,5,0.4118,0.1937684184793796,5,0.4732,0.3131240968050846,5,0.4144,0.2961212589463984,5,0.9964,0.002607680962081,5
KNN,KNN_n_neighbors=21_metric=cosine,fine_potato,0.6768,0.138274003341192,5,0.2045999999999999,0.1614397720513752,5,0.1854,0.1445157430870422,5,0.842,0.0613106842238773,5,0.1928,0.1655919684042677,5,0.1268,0.1003179943978148,5,0.374,0.2844617724756702,5,0.98,0.0128646803302686,5
KNN,KNN_n_neighbors=21_metric=cosine,fine_powdery,0.6254,0.0813959458449867,5,0.1974,0.0770895583072052,5,0.2144,0.0631252722766405,5,0.7857999999999999,0.0437915516966457,5,0.1614,0.0635987421259257,5,0.1966,0.0842721780898061,5,0.301,0.1883494093433796,5,0.9502,0.0343176339510753,5
KNN,KNN_n_neighbors=21_metric=cosine,fine_pungent,0.6632,0.0325146120997929,5,0.3154,0.0518681019510064,5,0.3326,0.0413315859845711,5,0.8443999999999999,0.0203051717549988,5,0.3134,0.0168760184877832,5,0.353,0.1440295108649612,5,0.3624,0.0896816592174788,5,0.9636,0.0271900717174486,5
KNN,KNN_n_neighbors=21_metric=cosine,fine_radish,0.6582,0.0583583755771183,5,0.4932,0.1116454208644492,5,0.4416,0.1333577894237903,5,0.8056000000000001,0.0677333005249264,5,0.3117999999999999,0.1055447772274876,5,0.8128,0.1796362992270771,5,0.3176,0.1171763628041082,5,0.999,0.0009999999999999,5
KNN,KNN_n_neighbors=21_metric=cosine,fine_raspberry,0.5357999999999999,0.0352661310608351,5,0.0784,0.1099513528793529,5,0.0712,0.0914149878302239,5,0.6557999999999999,0.0432747039273522,5,0.051,0.04063249930782,5,0.1202,0.214301656549827,5,0.082,0.0786097958272377,5,0.99,0.013856406460551,5
KNN,KNN_n_neighbors=21_metric=cosine,fine_ripe,0.6152,0.0646815275020619,5,0.1366,0.0640687131133441,5,0.1354,0.0663046001420715,5,0.7646,0.0703086054476975,5,0.0738,0.0236050841981129,5,0.1076,0.0527759414885229,5,0.282,0.1642528538564855,5,0.9484,0.0443598917942773,5
KNN,KNN_n_neighbors=21_metric=cosine,fine_roasted,0.797,0.0513273806072353,5,0.4876,0.0368890227574545,5,0.5076,0.0370648081068822,5,0.9186,0.0224566248577117,5,0.4638,0.0483032090031294,5,0.4338,0.0955939328618715,5,0.6554,0.1290399163049945,5,0.9388,0.0283936612644441,5
KNN,KNN_n_neighbors=21_metric=cosine,fine_rose,0.7346,0.0638498238055517,5,0.39,0.0723118247591636,5,0.4258,0.0664131011171741,5,0.865,0.0323728281124773,5,0.4004,0.0446463884317645,5,0.3626,0.0438554443598511,5,0.5378000000000001,0.1445984093965075,5,0.9314,0.0221088217686967,5
KNN,KNN_n_neighbors=21_metric=cosine,fine_rummy,0.624,0.0930994092355048,5,0.213,0.1272301064999947,5,0.2162,0.1254121206263573,5,0.7929999999999999,0.0580732296329384,5,0.2138,0.1370846453837919,5,0.211,0.1268384799656634,5,0.2638,0.1979335747163679,5,0.9842,0.0124579292019179,5
KNN,KNN_n_neighbors=21_metric=cosine,fine_sandalwood,0.6155999999999999,0.0587903053232418,5,0.2362,0.1074043760747205,5,0.2358,0.1035577133776137,5,0.934,0.0483838816136117,5,0.2196,0.0588328139731561,5,0.259,0.1390988856892822,5,0.2372,0.1207857607501811,5,0.994,0.0051961524227066,5
KNN,KNN_n_neighbors=21_metric=cosine,fine_savory,0.7121999999999999,0.0680602674105825,5,0.279,0.0490509938737229,5,0.2768,0.0357029410553248,5,0.8433999999999999,0.0285797130846339,5,0.1768,0.0208973682553569,5,0.2024,0.032191613814781,5,0.4764,0.154585898451314,5,0.9484,0.0223785611691189,5
KNN,KNN_n_neighbors=21_metric=cosine,fine_sharp,0.6064,0.0706738990009748,5,0.1462,0.0800387406197773,5,0.1534,0.0791378544060931,5,0.76,0.0730376615178772,5,0.1162,0.0564331462883295,5,0.1284,0.0567476871775405,5,0.2564,0.1686721672357357,5,0.9562,0.0391880083699082,5
KNN,KNN_n_neighbors=21_metric=cosine,fine_smoky,0.7452,0.0625235955460016,5,0.408,0.10369426213634,5,0.395,0.095757506233193,5,0.8938,0.0225211012164148,5,0.3306,0.0735003401352673,5,0.3794,0.2283633070350839,5,0.5067999999999999,0.1310312939720889,5,0.9842,0.0093914855054991,5
KNN,KNN_n_neighbors=21_metric=cosine,fine_soapy,0.5966,0.1003608489402117,5,0.1137999999999999,0.0700157125222617,5,0.0978,0.049951976937855,5,0.7492,0.0706590404690015,5,0.051,0.0267675176286483,5,0.1125999999999999,0.0960900619210956,5,0.2286,0.218543588329651,5,0.9648,0.0285954541841881,5
KNN,KNN_n_neighbors=21_metric=cosine,fine_solvent,0.6204000000000001,0.0595843939299545,5,0.2754,0.1053555883662561,5,0.2706,0.1006518752930117,5,0.8862,0.0327826173451724,5,0.228,0.0699213844256533,5,0.345,0.1602170402922236,5,0.2472,0.121184569974894,5,0.9938,0.0037013511046643,5
KNN,KNN_n_neighbors=21_metric=cosine,fine_sour,0.6786,0.0637440193273063,5,0.3972,0.126369300069281,5,0.395,0.1298730149030198,5,0.731,0.0279910700045568,5,0.257,0.1060495167362869,5,0.4662,0.1564343312703449,5,0.364,0.1297420517796755,5,0.9934,0.0048270073544588,5
KNN,KNN_n_neighbors=21_metric=cosine,fine_spicy,0.6704,0.0278980286041863,5,0.302,0.0309434968935315,5,0.3683999999999999,0.029177045772319,5,0.79,0.0182345825288105,5,0.3272,0.0399712396605359,5,0.3328,0.0567952462799484,5,0.4372,0.0960479047142622,5,0.9034,0.0477210645312948,5
KNN,KNN_n_neighbors=21_metric=cosine,fine_strawberry,0.5692,0.0534574597226617,5,0.0996,0.0598690237100956,5,0.0992,0.0587256332447765,5,0.689,0.0472599195936683,5,0.0596,0.0381221720262631,5,0.0873999999999999,0.0601439938813511,5,0.1552,0.1233924633030721,5,0.9832,0.0181989010657237,5
KNN,KNN_n_neighbors=21_metric=cosine,fine_sulfurous,0.8768,0.0119037809119624,5,0.6822,0.0196265126805553,5,0.705,0.0199624647776771,5,0.9652,0.0061806148561449,5,0.6938000000000001,0.0468689662783381,5,0.638,0.0544977063737548,5,0.7934,0.0332761175619993,5,0.9594,0.0103101891350256,5
KNN,KNN_n_neighbors=21_metric=cosine,fine_sweaty,0.6106,0.0729712272063448,5,0.1692,0.1058805931226303,5,0.1684,0.1014213981366851,5,0.7363999999999999,0.1078994902675633,5,0.0948,0.046815595692034,5,0.1407999999999999,0.0884234131890417,5,0.2332,0.1488663830419749,5,0.9884,0.0075365774725667,5
KNN,KNN_n_neighbors=21_metric=cosine,fine_sweet,0.6632,0.0276893481324497,5,0.2962,0.050593477840528,5,0.534,0.0295381109754838,5,0.7212,0.0259557315443044,5,0.4911999999999999,0.0283760462362183,5,0.4184,0.0234264807429541,5,0.7407999999999999,0.0643249562767049,5,0.5858,0.0394423630123754,5
KNN,KNN_n_neighbors=21_metric=cosine,fine_tea,0.5398,0.0478925881530743,5,0.0524,0.0646359033355301,5,0.0603999999999999,0.0620588430443236,5,0.6752,0.0717892749649973,5,0.0526,0.0426063375567532,5,0.0441999999999999,0.0449744371838047,5,0.0988,0.1045260733023105,5,0.9808,0.0152052622469985,5
KNN,KNN_n_neighbors=21_metric=cosine,fine_terpenic,0.693,0.1417197939597712,5,0.3068,0.1378103769677741,5,0.2822,0.1460982546096975,5,0.873,0.1039013955632935,5,0.2493999999999999,0.1389776960522802,5,0.3126,0.1515067655255038,5,0.3972,0.2937817216914626,5,0.9888,0.0130268952555856,5
KNN,KNN_n_neighbors=21_metric=cosine,fine_tobacco,0.6322,0.0919711911415743,5,0.1722,0.1047625887423559,5,0.1728,0.1017654165225102,5,0.7994,0.0558909652806247,5,0.2362,0.124628247199421,5,0.1352,0.0893683389126149,5,0.3046,0.2172206251717364,5,0.9594,0.0367736318576231,5
KNN,KNN_n_neighbors=21_metric=cosine,fine_tomato,0.622,0.1370036495864252,5,0.1286,0.152729499442642,5,0.1112,0.1305821580461894,5,0.7986,0.1327019216138183,5,0.1843999999999999,0.1682120685325521,5,0.0712,0.085145170150749,5,0.2584,0.2802504237284932,5,0.9858,0.0099347873656158,5
KNN,KNN_n_neighbors=21_metric=cosine,fine_tropical,0.6786,0.0372196184827303,5,0.2938,0.0524947616434249,5,0.35,0.0471009554043227,5,0.7754000000000001,0.017572706109191,5,0.279,0.0433993087502554,5,0.2934,0.0547841217872478,5,0.4549999999999999,0.0938509456532005,5,0.9026,0.0371523888868535,5
KNN,KNN_n_neighbors=21_metric=cosine,fine_vanilla,0.7136,0.0530311229373845,5,0.5058,0.0437344257993631,5,0.497,0.0656886595996599,5,0.8888,0.0246515719579908,5,0.5214000000000001,0.0569411977394223,5,0.636,0.1355802345476655,5,0.434,0.1091695928361006,5,0.9936,0.0036469165057621,5
KNN,KNN_n_neighbors=21_metric=cosine,fine_vegetable,0.7048,0.0518815959661998,5,0.3426,0.0598648477823171,5,0.378,0.057074512700504,5,0.8246,0.0304680160168002,5,0.3032,0.0763360989309776,5,0.3228,0.0411788780808802,5,0.4704,0.1206847131993111,5,0.9388,0.020179197209007,5
KNN,KNN_n_neighbors=21_metric=cosine,fine_vetiver,0.6496000000000001,0.043362426131387,5,0.2898,0.0908223540765157,5,0.288,0.0926417832298148,5,0.7866,0.0523669743254276,5,0.1594,0.0674002967352518,5,0.3004,0.1338592544428662,5,0.3057999999999999,0.0862739821730746,5,0.9938,0.0039623225512318,5
KNN,KNN_n_neighbors=21_metric=cosine,fine_violet,0.6832,0.0561489091612651,5,0.3298,0.0784773852775434,5,0.3283999999999999,0.0823122105158159,5,0.85,0.0644980619863884,5,0.3017999999999999,0.0575256464544293,5,0.3248,0.1255695026668498,5,0.3782,0.1151920136120556,5,0.9886,0.0055045435778091,5
KNN,KNN_n_neighbors=21_metric=cosine,fine_warm,0.5178,0.0323218192557288,5,0.036,0.0731710325197068,5,0.0498,0.0745197960276328,5,0.5808,0.0452736126236906,5,0.0364,0.0201816748561659,5,0.0534,0.0869356083546897,5,0.0495999999999999,0.0692336623327121,5,0.9866,0.0105498815159223,5
KNN,KNN_n_neighbors=21_metric=cosine,fine_waxy,0.77,0.0412007281489053,5,0.4466,0.0389396969685178,5,0.4984,0.0288149266873959,5,0.8736,0.0156780100778128,5,0.474,0.0399937495116424,5,0.4124,0.0258708329977988,5,0.64,0.1038099224544552,5,0.8998000000000002,0.0243351597488078,5
KNN,KNN_n_neighbors=21_metric=cosine,fine_weedy,0.5,0.0,5,0.0,0.0,5,0.0,0.0,5,0.5502,0.0387130468963629,5,0.0116,0.0037815340802378,5,0.0,0.0,5,0.0,0.0,5,1.0,0.0,5
KNN,KNN_n_neighbors=21_metric=cosine,fine_winey,0.6811999999999999,0.06715057706379,5,0.317,0.0574238626356673,5,0.3385999999999999,0.0610966447523921,5,0.857,0.030967725134404,5,0.2686,0.0469180135981906,5,0.3194,0.0414403185315943,5,0.404,0.1507995358083041,5,0.9584,0.018132843130629,5
KNN,KNN_n_neighbors=21_metric=cosine,fine_woody,0.7674000000000001,0.0237339419397621,5,0.4838,0.0260134580553989,5,0.5552,0.0219476650238698,5,0.8526,0.0239436839270819,5,0.5756,0.0393801980695882,5,0.4996,0.059146428463602,5,0.6384000000000001,0.0719047981709148,5,0.8964000000000001,0.0295008474454548,5
