Label,Model,Config,PR_AUC_mean,PR_AUC_std,F1_mean,F1_std,Bal.Acc_mean,Bal.Acc_std,ROC_AUC_mean,ROC_AUC_std,Precision_mean,Sensitivity_mean,Specificity_mean
fine_alcoholic,RF,RF_n_estimators=100_max_features=log2,0.6614,0.06436847054265,0.5822,0.1066827071272565,0.8166,0.055882018574851,0.942,0.0239687296284137,0.5612,0.646,0.9872
fine_aldehydic,RF,RF_n_estimators=300_max_features=sqrt,0.387,0.0860958767886128,0.3848,0.0883215715439891,0.716,0.0732563990378998,0.9046,0.045654134533468,0.3512,0.4588,0.9732
fine_alliaceous,RF,RF_n_estimators=300_max_features=log2,0.4586,0.0388432748361926,0.4206,0.0554283321055216,0.8112,0.0659446737803744,0.9632,0.0049699094559156,0.329,0.6618,0.9606
fine_almond,RF,RF_n_estimators=300_max_features=log2,0.3416,0.069211993180373,0.3652,0.0827629144001104,0.6768,0.0576081591443434,0.915,0.0313368792319847,0.4013999999999999,0.3648,0.9888
fine_amber,RF,RF_n_estimators=300_max_features=log2,0.3876,0.0637518627178845,0.4168,0.0517561590537783,0.7203999999999999,0.0511986327942455,0.9196,0.0163951212255353,0.4511999999999999,0.457,0.9836
fine_animal,LR,LR_C=0.01,0.2912,0.0457515027075614,0.3702,0.0501866516117582,0.6626,0.0361220154476463,0.7668,0.0430139512251548,0.438,0.337,0.9878
fine_anisic,RF,RF_n_estimators=100_max_features=log2,0.3783999999999999,0.1841827896411605,0.3696,0.1702389497148053,0.6772,0.1058994806408416,0.8482,0.0751977393277218,0.4506,0.3652,0.9896
fine_apple,RF,RF_n_estimators=300_max_features=log2,0.504,0.0422551771975932,0.4744,0.051906646973196,0.7436,0.0813652259875187,0.9086,0.0214662525839979,0.4646,0.5328,0.9548
fine_apricot,RF,RF_n_estimators=300_max_features=log2,0.1464,0.0413315859845711,0.182,0.0445196585791041,0.6076,0.0410036583733695,0.8484,0.0497322832775653,0.1894,0.237,0.9784
fine_aromatic,XGB,XGB_n_estimators=300_max_depth=6,0.0955999999999999,0.0498327201746001,0.0696,0.0400786726327107,0.5222,0.0138275088139548,0.6778000000000001,0.0189657586191536,0.1476,0.0502,0.9946
fine_balsamic,RF,RF_n_estimators=300_max_features=log2,0.5022,0.0548014598345701,0.4538,0.0670089546254827,0.7232000000000001,0.053644198195145,0.897,0.0150831031289983,0.445,0.4876,0.9588
fine_banana,RF,RF_n_estimators=300_max_features=sqrt,0.4124,0.1300453766959825,0.3714,0.1142947942821544,0.7262000000000001,0.1098803895151451,0.9018,0.0410755401668681,0.384,0.4806,0.9718
fine_beefy,RF,RF_n_estimators=100_max_features=log2,0.2884,0.1635827007968752,0.1988,0.2199447657935964,0.6242,0.1347115436775928,0.9408,0.0270129598526336,0.2046,0.2582,0.9902
fine_bergamot,SVM,SVM_C=1,0.4162,0.2701864171271383,0.3534,0.1987594022933255,0.7144,0.1326397376354461,0.9474,0.044875383006722,0.3508,0.4373999999999999,0.9914
fine_berry,RF,RF_n_estimators=300_max_features=log2,0.2057999999999999,0.0581093796215378,0.2118,0.0572162564311926,0.6724,0.038971784665319,0.7936,0.0526858614810463,0.1514,0.4509999999999999,0.8939999999999999
fine_bitter,XGB,XGB_n_estimators=100_max_depth=3,0.2118,0.1058664252726047,0.2658,0.1020573368259235,0.6288,0.0680639405265372,0.7594000000000001,0.0506685306674665,0.3001999999999999,0.2653999999999999,0.992
fine_black currant,SVM,SVM_C=1,0.341,0.1325179233160556,0.4166,0.1021312880561094,0.7744,0.072569277245953,0.8865999999999999,0.0346741978998794,0.3794,0.558,0.9906
fine_brandy,LR,LR_C=1,0.1586,0.1663469266322645,0.1488,0.0575169540222706,0.6348,0.1083429739300154,0.8554,0.1040062498122108,0.1069999999999999,0.287,0.983
fine_burnt,LR,LR_C=0.01,0.2524,0.0624723939032273,0.298,0.0448943203534701,0.7026,0.0473582094256106,0.8678000000000001,0.0205353354002314,0.226,0.4742,0.9306
fine_buttery,RF,RF_n_estimators=300_max_features=log2,0.3408,0.1524981967106497,0.3777999999999999,0.1343398675003068,0.6839999999999999,0.0687386354243375,0.8667999999999999,0.0449299454706992,0.3956,0.3876,0.98
fine_cabbage,XGB,XGB_n_estimators=300_max_depth=6,0.3548,0.0939345516836057,0.2706,0.0719569315632622,0.646,0.0974448562008277,0.9512,0.0513828765251615,0.3854,0.2986,0.9932
fine_camphoreous,RF,RF_n_estimators=300_max_features=log2,0.4636,0.1341130120458115,0.4708,0.079149857864686,0.73,0.0701141925718323,0.9282,0.0262716577322406,0.499,0.474,0.9864
fine_caramellic,SVM,SVM_C=1,0.5092,0.0485046389534032,0.5264,0.0182153781185019,0.797,0.0304466746952766,0.9048,0.0209212810315238,0.4556,0.6315999999999999,0.9622
fine_cedar,SVM,SVM_C=10,0.361,0.1582134633967666,0.3623999999999999,0.1337639712329145,0.6748000000000001,0.0762443440525263,0.859,0.0338452360015409,0.4112,0.3566,0.9936
fine_celery,LR,LR_C=0.01,0.2494,0.1610971756425295,0.253,0.150907256286767,0.6328,0.0927830803541249,0.7226,0.1373237051641121,0.2424,0.2726,0.9934
fine_chamomile,SVM,SVM_C=1,0.3614,0.2140100464931494,0.3688,0.1072319914950757,0.6684,0.0773614891273429,0.8798,0.0599057593224558,0.5065999999999999,0.3399999999999999,0.9968
fine_cheesy,RF,RF_n_estimators=300_max_features=log2,0.5067999999999999,0.0636254665994678,0.461,0.0597201808436645,0.7226,0.0579206353556312,0.8902000000000001,0.0214755675128738,0.4801999999999999,0.4664,0.979
fine_cherry,XGB,XGB_n_estimators=300_max_depth=6,0.2254,0.0655842969010113,0.268,0.104529900028652,0.6006,0.0461876606898422,0.8826,0.0184878338374186,0.3954,0.2065999999999999,0.9946
fine_chocolate,SVM,SVM_C=1,0.269,0.0309030742807248,0.1898,0.0332445484252681,0.5884,0.0503964284448808,0.8865999999999999,0.0151756383720751,0.3672,0.1858,0.9916
fine_cinnamon,SVM,SVM_C=1,0.3992,0.1637641596931391,0.3661999999999999,0.1256789560745951,0.7352000000000001,0.1278405256559906,0.9324,0.04355800730061,0.3252,0.4848,0.986
fine_citrus,RF,RF_n_estimators=300_max_features=log2,0.5214000000000001,0.0257254737565705,0.5044,0.0487729433190165,0.7422000000000001,0.0464887083064264,0.884,0.008306623862918,0.503,0.53,0.9542
fine_clean,RF,RF_n_estimators=300_max_features=sqrt,0.1758,0.1307275793396328,0.1612,0.1699343991074202,0.5658,0.0662397161829668,0.7718,0.0757410060667271,0.2256,0.1406,0.9912
fine_clove,XGB,XGB_n_estimators=100_max_depth=6,0.4164,0.1246005617964862,0.4535999999999999,0.1340813186092678,0.7636000000000001,0.0835571660601291,0.9044,0.0745741241986789,0.4346,0.5334,0.9944
fine_cocoa,SVM,SVM_C=10,0.4118,0.0996729652413331,0.3686,0.0823365046622699,0.6786,0.0409670599384432,0.8564,0.0602436718668442,0.4136,0.3746,0.9826
fine_coconut,RF,RF_n_estimators=300_max_features=sqrt,0.5368,0.0988898376983196,0.4854,0.1405713342043817,0.705,0.0942523209263305,0.8858,0.044161068827645,0.7882,0.4144,0.9958
fine_coffee,SVM,SVM_C=10,0.3718,0.0583069464129274,0.3346,0.0862252863143985,0.6952,0.1085826873861574,0.9174,0.0077653074633268,0.3616,0.4142,0.9764
fine_cognac,XGB,XGB_n_estimators=300_max_depth=3,0.4002,0.1794246359895987,0.4098,0.1329951126921587,0.7138,0.0897535514617666,0.9044,0.0372598980138163,0.4628,0.4446,0.9824
fine_cooked,SVM,SVM_C=0.1,0.1464,0.0340484948272313,0.1684,0.0930043009758151,0.632,0.1039062077067583,0.8380000000000001,0.0493457191659013,0.1342,0.298,0.9662
fine_cooling,RF,RF_n_estimators=300_max_features=log2,0.2844,0.1004455076148256,0.279,0.0657114906237866,0.682,0.0906724875582445,0.8964000000000001,0.0542752245504336,0.2498,0.385,0.9796
fine_cortex,XGB,XGB_n_estimators=100_max_depth=3,0.1688,0.1237828744213027,0.1518,0.1065725105268708,0.5714,0.0627040668537536,0.6636,0.1124046262393145,0.3508,0.1544,0.9888
fine_coumarinic,RF,RF_n_estimators=300_max_features=log2,0.4798,0.1233559889101457,0.4307999999999999,0.134442180880853,0.6734,0.0685733184263383,0.9266,0.0490846208093736,0.6334,0.35,0.9968
fine_creamy,LR,LR_C=0.01,0.259,0.0575021738719502,0.2826,0.0826062951596305,0.627,0.0613514466007118,0.7836000000000001,0.0277812886670146,0.3508,0.2792,0.9754
fine_cucumber,RF,RF_n_estimators=300_max_features=log2,0.4608,0.1531998694516415,0.393,0.109181042310467,0.7178,0.0822477963230626,0.937,0.0555832708645325,0.4256,0.4448,0.9906
fine_dairy,RF,RF_n_estimators=300_max_features=log2,0.2642,0.1228177511600012,0.302,0.1194466408066798,0.6668000000000001,0.0540435009968821,0.8206,0.0668565628790472,0.2872,0.3652,0.9684
fine_dry,RF,RF_n_estimators=300_max_features=log2,0.1584,0.0519403504031307,0.224,0.0232486558751253,0.6157999999999999,0.0479395452627577,0.7548,0.0324992307601272,0.2271999999999999,0.2676,0.9636
fine_earthy,RF,RF_n_estimators=300_max_features=log2,0.2976,0.0435809591450211,0.3356,0.0318245188494657,0.6712,0.0328892079564102,0.759,0.0418807831827438,0.2914,0.4174,0.9252
fine_ethereal,RF,RF_n_estimators=300_max_features=log2,0.5922,0.0693483957997587,0.5466,0.0548251766983016,0.7804,0.0431138028942008,0.912,0.0271293199325011,0.523,0.5968,0.9638
fine_fatty,SVM,SVM_C=1,0.5612,0.0419666534286449,0.5744,0.0077974354758472,0.781,0.0325729949498046,0.8652,0.017626684316683,0.529,0.644,0.9182
fine_fermented,RF,RF_n_estimators=300_max_features=log2,0.4332,0.0488998977504043,0.3766,0.0428112134843197,0.6636,0.0440942173079418,0.8742000000000001,0.0143422452914458,0.5538000000000001,0.3419999999999999,0.9854
fine_fishy,XGB,XGB_n_estimators=100_max_depth=6,0.5115999999999999,0.0897346087081233,0.488,0.0707707566725126,0.7096,0.0332535712367859,0.8924,0.0383640456677864,0.5972000000000001,0.4242,0.995
fine_floral,RF,RF_n_estimators=300_max_features=sqrt,0.6326,0.0279338504327635,0.6248,0.0316180328293839,0.7774,0.0127397017233528,0.8634000000000001,0.0181741574770331,0.5534,0.7247999999999999,0.8298
fine_fresh,RF,RF_n_estimators=300_max_features=log2,0.2952,0.0248032255966839,0.353,0.0156524758424985,0.6721999999999999,0.0425581954504652,0.7766,0.016379865689315,0.2915999999999999,0.4974,0.8465999999999999
fine_fruit skin,XGB,XGB_n_estimators=300_max_depth=3,0.1159999999999999,0.0689855057240287,0.1274,0.0916149551110516,0.5454000000000001,0.0322846712853019,0.683,0.1297863629199924,0.2307999999999999,0.0951999999999999,0.9958
fine_fruity,RF,RF_n_estimators=300_max_features=log2,0.8088000000000001,0.0073620649277223,0.7283999999999999,0.009208691546577,0.7802,0.0073959448348402,0.8614,0.0098132563402776,0.7086,0.7538,0.806
fine_garlic,RF,RF_n_estimators=100_max_features=log2,0.6002,0.1217033278098836,0.5478,0.0910148339557898,0.8346,0.0486034978165152,0.9754,0.0155338340405709,0.474,0.6912,0.9778
fine_gassy,SVM,SVM_C=10,0.2981999999999999,0.2726640790423263,0.2497999999999999,0.2005534841382716,0.6808,0.16204844954519,0.956,0.046984039843334,0.2145999999999999,0.3726,0.9892
fine_geranium,RF,RF_n_estimators=100_max_features=sqrt,0.2593999999999999,0.0787578567509299,0.2477999999999999,0.0897061870775923,0.6388,0.0846386436564291,0.852,0.0532963413378442,0.3041999999999999,0.2888,0.989
fine_grape,LR,LR_C=0.01,0.3544,0.0657061640943983,0.367,0.0997421676122992,0.6696,0.0504707836277583,0.8625999999999999,0.0597268783714669,0.5586,0.3534,0.9856
fine_grapefruit,SVM,SVM_C=1,0.3736,0.1286790581252443,0.3722,0.0568744230739969,0.6874,0.0452747170062938,0.8934,0.0558864921067694,0.422,0.3856,0.9896
fine_grassy,SVM,SVM_C=1,0.0994,0.0690239089011916,0.078,0.0898860389604525,0.554,0.0689601334105438,0.7806,0.0537986988690247,0.0562,0.1288,0.979
fine_green,RF,RF_n_estimators=300_max_features=log2,0.6762,0.0257429602027427,0.6234,0.0384746669901118,0.7382,0.0260998084284157,0.8208,0.0177679486716953,0.5624,0.7076,0.769
fine_hawthorn,RF,RF_n_estimators=300_max_features=log2,0.257,0.2363683565962246,0.19,0.1552417469626002,0.6557999999999999,0.192134588244803,0.9148,0.1054073052496836,0.1546,0.323,0.9886
fine_hay,SVM,SVM_C=0.1,0.1488,0.0907810552923901,0.1427999999999999,0.1169174922755359,0.6195999999999999,0.1067112927482372,0.7992,0.0806393204336445,0.1086,0.2684,0.9712
fine_hazelnut,RF,RF_n_estimators=300_max_features=log2,0.3494,0.0641778778084785,0.27,0.1148455484553058,0.729,0.1079189510697727,0.913,0.0558703857155112,0.2435999999999999,0.4836,0.9738
fine_herbal,RF,RF_n_estimators=300_max_features=log2,0.4506,0.0525480732282354,0.4538,0.0449855532365669,0.6971999999999999,0.0137731623093608,0.7894,0.0269313943196411,0.3938,0.5644,0.8295999999999999
fine_honey,XGB,XGB_n_estimators=100_max_depth=6,0.407,0.1204034883215598,0.4086,0.1051251634957111,0.6556,0.0437527142015212,0.8324,0.0265480696096721,0.5838,0.3192,0.9922
fine_hyacinth,RF,RF_n_estimators=300_max_features=log2,0.2208,0.1162828448224414,0.1997999999999999,0.175837140559098,0.6008,0.0914587338639672,0.835,0.0573890233407051,0.3836,0.2133999999999999,0.9884
fine_jasmin,RF,RF_n_estimators=100_max_features=log2,0.3743999999999999,0.1191062550834338,0.4002,0.1001933131501299,0.686,0.0463788745012209,0.8484,0.0791915399521944,0.446,0.3838,0.9882
fine_juicy,RF,RF_n_estimators=300_max_features=sqrt,0.1172,0.050440063441673,0.175,0.0954908372567755,0.624,0.074706090782479,0.8295999999999999,0.0584747808888584,0.142,0.2658,0.9824
fine_ketonic,RF,RF_n_estimators=300_max_features=log2,0.5286,0.1251870600341744,0.5449999999999999,0.1389010439125639,0.8046,0.0630896187973901,0.9052,0.0520259550609116,0.499,0.6157999999999999,0.9938
fine_lactonic,RF,RF_n_estimators=100_max_features=sqrt,0.3558,0.1788091160987045,0.3958,0.1695205002352223,0.7354,0.1168451967348251,0.876,0.0835493865926016,0.3464,0.4831999999999999,0.9876
fine_lavender,RF,RF_n_estimators=300_max_features=log2,0.2484,0.1373546504491202,0.2235999999999999,0.1639216276151502,0.654,0.1553914412057497,0.8632,0.1229520231635087,0.2533999999999999,0.3137999999999999,0.9944
fine_leafy,RF,RF_n_estimators=100_max_features=log2,0.1556,0.054546310599343,0.1772,0.0730664081503942,0.5804,0.027987497208575,0.7415999999999999,0.0700092850984781,0.2254,0.1988,0.962
fine_leathery,RF,RF_n_estimators=300_max_features=log2,0.2422,0.0651667092923986,0.206,0.0651805185619139,0.5974,0.0077974354758471,0.8135999999999999,0.0355710556492213,0.2852,0.2044,0.9902
fine_lemon,RF,RF_n_estimators=300_max_features=log2,0.3598,0.116166690578668,0.3452,0.0850482216157398,0.7104,0.0878965300794064,0.8724000000000001,0.0522522726778462,0.3474,0.4391999999999999,0.9822
fine_lily,RF,RF_n_estimators=300_max_features=log2,0.2238,0.0593523377804109,0.2582,0.0690738734978718,0.6704000000000001,0.067207142477567,0.8638,0.0184309522271639,0.2286,0.3623999999999999,0.9786
fine_malty,XGB,XGB_n_estimators=100_max_depth=6,0.6324,0.0419797570264527,0.5732,0.1974175777381538,0.7704000000000001,0.0234478143970819,0.9388,0.0441780488478158,0.6868000000000001,0.5432,0.9972
fine_meaty,XGB,XGB_n_estimators=100_max_depth=6,0.586,0.0314165561448099,0.571,0.0306186217847897,0.7988000000000001,0.0214406156628021,0.9248,0.013274034804836,0.5216000000000001,0.6352,0.962
fine_medicinal,RF,RF_n_estimators=300_max_features=log2,0.3142,0.0532794519491332,0.3465999999999999,0.0656642977576094,0.6592,0.0404252396406007,0.8926000000000001,0.0322381761270702,0.4108,0.327,0.9918
fine_melon,XGB,XGB_n_estimators=300_max_depth=6,0.3086,0.0881748263394944,0.292,0.0626258732474046,0.6224000000000001,0.0487729433190165,0.8562,0.0450355415200039,0.453,0.2578,0.9872
fine_metallic,SVM,SVM_C=10,0.1614,0.0375473034983872,0.1552,0.0439169671083967,0.6112,0.0623233503592353,0.7372,0.0701904551915714,0.1262,0.2852,0.9372
fine_milky,RF,RF_n_estimators=300_max_features=log2,0.2084,0.0931815432368449,0.2552,0.0696649122586112,0.6386000000000001,0.0386044038938565,0.8173999999999999,0.0460086948304339,0.2382,0.2946,0.9816
fine_mint,RF,RF_n_estimators=300_max_features=log2,0.4912000000000001,0.0650207659136679,0.471,0.0426790346657466,0.7203999999999999,0.0350471111505641,0.8948,0.0118194754536739,0.4955999999999999,0.4648,0.976
fine_muguet,LR,LR_C=0.01,0.2512,0.135496125405858,0.2053999999999999,0.1079597147087745,0.6832,0.1259094913022842,0.91,0.0308463936303743,0.1756,0.3942,0.9726
fine_mushroom,RF,RF_n_estimators=300_max_features=log2,0.3082,0.1096093061742478,0.3057999999999999,0.0802695459062775,0.6902,0.0773576111316785,0.8524,0.0611702542090516,0.2613999999999999,0.4034000000000001,0.9766
fine_musk,RF,RF_n_estimators=300_max_features=log2,0.6841999999999999,0.0539601704963948,0.6184000000000001,0.0556713570878239,0.8066000000000001,0.0255988280981766,0.9058,0.040604186976222,0.6252,0.6215999999999999,0.9922
fine_musty,SVM,SVM_C=0.1,0.1552,0.0116060329139633,0.1736,0.0338275036028377,0.624,0.0423851389050455,0.7516,0.0166973051717935,0.1176,0.3754,0.8722
fine_natural,XGB,XGB_n_estimators=100_max_depth=3,0.0728,0.0459096939654361,0.0808,0.0772605979785297,0.5448000000000001,0.0448241006602475,0.7226,0.0952459972912248,0.0816,0.1101999999999999,0.9796
fine_nutty,RF,RF_n_estimators=300_max_features=log2,0.4884,0.0475005263128736,0.4392,0.0281016013778574,0.6914,0.0245519856630782,0.8544,0.0247648945081541,0.4966,0.424,0.9586
fine_odorless,RF,RF_n_estimators=300_max_features=log2,0.8484,0.0477210645312947,0.7318,0.0555400756211224,0.906,0.0270832051279016,0.9796,0.0141703916671347,0.6576000000000001,0.8300000000000001,0.9814
fine_oily,RF,RF_n_estimators=300_max_features=log2,0.4,0.0257390753524675,0.4304,0.0347030258046758,0.694,0.0238641991275634,0.8294,0.0158839541676498,0.4274,0.4378,0.95
fine_onion,RF,RF_n_estimators=300_max_features=sqrt,0.6466000000000001,0.0520605416798557,0.5476,0.0774583759189411,0.828,0.0493507852014534,0.9756,0.0071274118724821,0.4714,0.6876,0.9684
fine_orange,RF,RF_n_estimators=300_max_features=log2,0.3036,0.0672889292528868,0.3516,0.0781684079408042,0.7178,0.0631799018676034,0.8949999999999999,0.0458421203698084,0.2866,0.4584,0.9778
fine_orangeflower,RF,RF_n_estimators=300_max_features=log2,0.3471999999999999,0.167239947381001,0.2822,0.2864763515545393,0.7041999999999999,0.1916434188799605,0.9126,0.0632321120950423,0.24,0.4141999999999999,0.9938
fine_orris,RF,RF_n_estimators=300_max_features=log2,0.251,0.0838361497207499,0.2248,0.1338700862777043,0.6288,0.0906046356429956,0.8406,0.0745741241986789,0.2906,0.2734,0.9846
fine_ozone,SVM,SVM_C=1,0.1998,0.0748445054763541,0.2038,0.1475947153525491,0.6264000000000001,0.0959520713689912,0.8748000000000001,0.0718971487612686,0.246,0.2642,0.9888
fine_peach,RF,RF_n_estimators=100_max_features=log2,0.321,0.0287576076890968,0.2954,0.0854710477296259,0.6448,0.0268179044669787,0.8462,0.0215336945274144,0.3746,0.308,0.9816
fine_pear,RF,RF_n_estimators=300_max_features=log2,0.3224,0.0389011567951391,0.3802,0.0672398691253931,0.7126,0.058683898984304,0.9042,0.0263571622144722,0.3379999999999999,0.4492,0.976
fine_phenolic,LR,LR_C=0.01,0.5206000000000001,0.0812668444077902,0.5142,0.0664319200384875,0.7612,0.0862102082122529,0.9164,0.0304844222513728,0.5274,0.5422,0.9802
fine_pine,SVM,SVM_C=1,0.4528,0.1012951134063238,0.4948,0.0383497066481609,0.7534,0.024845522735495,0.9436,0.0410463153035689,0.4808,0.5146,0.9916
fine_pineapple,XGB,XGB_n_estimators=100_max_depth=6,0.4382,0.088315910231396,0.4126,0.0539240206216116,0.7148,0.0532794519491332,0.9,0.0221359436211786,0.4178,0.4631999999999999,0.9666
fine_plum,XGB,XGB_n_estimators=100_max_depth=6,0.1456,0.0559937496511887,0.1379999999999999,0.0821857651908163,0.5609999999999999,0.0412189276910499,0.806,0.0321480948113569,0.1654,0.1286,0.9934
fine_popcorn,XGB,XGB_n_estimators=100_max_depth=3,0.6487999999999999,0.2140308388994446,0.6138,0.1618076017991738,0.7916000000000001,0.0633861183541001,0.988,0.0073484692283495,0.7048,0.5856,0.9972
fine_potato,SVM,SVM_C=1,0.2976,0.1241221172877743,0.2382,0.1537032855862229,0.6836,0.1294384023387186,0.9308,0.0348668897379734,0.2064,0.3832,0.984
fine_powdery,RF,RF_n_estimators=300_max_features=log2,0.2394,0.1037969171025806,0.2364,0.0821693373467256,0.6102000000000001,0.0620338617208375,0.8426,0.0567741138195921,0.245,0.2468,0.9732
fine_pungent,RF,RF_n_estimators=300_max_features=log2,0.3404,0.0624003205119973,0.3466,0.0699235296591926,0.6990000000000001,0.065157501486782,0.8862,0.0270407100498489,0.3224,0.4492,0.9484
fine_radish,SVM,SVM_C=10,0.3818,0.1001633665568405,0.3948,0.1195792624161899,0.6561999999999999,0.0533122875142307,0.8478,0.0552919523981564,0.5612,0.3154,0.9972
fine_raspberry,LR,LR_C=0.1,0.1586,0.176886404225989,0.1227999999999999,0.1006911118222457,0.5938,0.1075020930028806,0.7724,0.0815217762318756,0.2653999999999999,0.2042,0.9834
fine_ripe,SVM,SVM_C=0.1,0.131,0.0290430714629152,0.1518,0.035779882615794,0.6158,0.1081466596802693,0.8256,0.066214046848082,0.1494,0.2632,0.969
fine_roasted,RF,RF_n_estimators=300_max_features=log2,0.5496000000000001,0.0454400704224806,0.5408000000000001,0.0180471604414655,0.7976,0.0577607132919946,0.9394,0.0149264865256362,0.4875999999999999,0.6424000000000001,0.9528
fine_rose,XGB,XGB_n_estimators=100_max_depth=6,0.5198,0.0741734453831018,0.4602,0.1040754533980034,0.7203999999999999,0.0683176404744777,0.8897999999999999,0.0317600377833528,0.473,0.4833999999999999,0.957
fine_rummy,KNN,KNN_n_neighbors=21_metric=euclidean,0.2382,0.1219803262825608,0.2656,0.0932861190102793,0.6326,0.0687408175686032,0.819,0.0440397547677096,0.285,0.2774,0.9878
fine_sandalwood,RF,RF_n_estimators=300_max_features=log2,0.6195999999999999,0.1443305234522483,0.4794,0.1353155571248184,0.6886,0.0764185841271611,0.9604,0.0368008152083618,0.8,0.378,0.9988
fine_savory,XGB,XGB_n_estimators=300_max_depth=3,0.2818,0.0694672584747664,0.3461999999999999,0.0614141677465387,0.6980000000000001,0.0531977443130815,0.8705999999999999,0.0365896160132899,0.3016,0.4224,0.9734
fine_sharp,RF,RF_n_estimators=300_max_features=log2,0.1728,0.0483601075267621,0.2216,0.0874517009554417,0.6424,0.0710865669448173,0.8210000000000001,0.0649576785299475,0.1961999999999999,0.3137999999999999,0.9706
fine_smoky,SVM,SVM_C=1,0.386,0.0879516912856142,0.4251999999999999,0.0453508544572205,0.7062,0.0409719416186248,0.9202,0.0317993710629628,0.4824,0.4218,0.991
fine_soapy,RF,RF_n_estimators=100_max_features=sqrt,0.1334,0.1017167636134772,0.0772,0.1131335494006972,0.5482,0.0765290794404323,0.7908000000000001,0.0974561439828192,0.15,0.1058,0.991
fine_solvent,RF,RF_n_estimators=300_max_features=sqrt,0.3672,0.1639289480232213,0.2794,0.1730846613654716,0.6632,0.1397630137053434,0.9134,0.0545233894764439,0.3124,0.3344,0.9924
fine_sour,RF,RF_n_estimators=300_max_features=log2,0.3478,0.0821017661198588,0.4242,0.0673698745731354,0.678,0.0281336097932703,0.8218,0.0758795097506566,0.5242,0.361,0.995
fine_spicy,RF,RF_n_estimators=300_max_features=sqrt,0.4058,0.0335589034385809,0.3892,0.0262526189169766,0.67,0.0351069793630839,0.8148,0.0050199601592043,0.4078,0.4155999999999999,0.9242
fine_strawberry,LR,LR_C=0.1,0.1197999999999999,0.0832538287407852,0.0812,0.0539925920844702,0.5838,0.0724375593183536,0.8236000000000001,0.1141722383068668,0.0568,0.2005999999999999,0.9668
fine_sulfurous,XGB,XGB_n_estimators=100_max_depth=6,0.7786000000000001,0.0062689712074629,0.7548,0.0193442497916047,0.929,0.0186413518823072,0.9796,0.0040987803063838,0.651,0.9008,0.9572
fine_sweaty,SVM,SVM_C=0.1,0.2326,0.161229029644168,0.1858,0.2119179086344521,0.5778000000000001,0.0828685706405028,0.8518000000000001,0.1043992337136628,0.2834,0.1582,0.9972
fine_sweet,RF,RF_n_estimators=300_max_features=sqrt,0.5554,0.0194242116957162,0.5532,0.0245091819528926,0.6812,0.0241288209409411,0.754,0.0186010752377383,0.4524,0.7234,0.6392
fine_tea,SVM,SVM_C=0.1,0.0728,0.0289084762656214,0.0276,0.0617154761789942,0.5152,0.0339882332579967,0.6782,0.0848127348928214,0.0236,0.0334,0.997
fine_terpenic,RF,RF_n_estimators=300_max_features=sqrt,0.3896,0.1500143326485839,0.268,0.15192925985471,0.632,0.0964935230987033,0.94,0.0566436227654976,0.4631999999999999,0.2694,0.9944
fine_tobacco,RF,RF_n_estimators=300_max_features=log2,0.2704,0.1127687900085834,0.2865999999999999,0.1182805985781269,0.6746000000000001,0.0887006200654764,0.8612,0.0523898845198192,0.2824,0.3767999999999999,0.9726
fine_tomato,SVM,SVM_C=1,0.2082,0.1128015957333937,0.1328,0.1227912863357982,0.6014,0.0763269284066901,0.89,0.0559776741210279,0.1042,0.2166,0.9864
fine_tropical,RF,RF_n_estimators=300_max_features=sqrt,0.3666,0.0251057762277926,0.3944,0.0495408922002823,0.7048,0.0190840247327443,0.8206,0.0210428135001001,0.3339999999999999,0.4986,0.9116
fine_vanilla,SVM,SVM_C=10,0.5751999999999999,0.0563089690901902,0.5586,0.0790841324160542,0.7615999999999999,0.0557252187075115,0.8922000000000001,0.0478508098155088,0.6066,0.5316,0.992
fine_vegetable,RF,RF_n_estimators=100_max_features=log2,0.3712,0.0250039996800511,0.4034,0.0413920282180035,0.7455999999999999,0.0197433533119377,0.851,0.0379802580296658,0.3198,0.5730000000000001,0.9186
fine_vetiver,SVM,SVM_C=1,0.2775999999999999,0.0898738004092405,0.2466,0.0600483138814071,0.6364,0.0620628713483351,0.9116,0.0460358555910498,0.2633999999999999,0.2808,0.9928
fine_violet,RF,RF_n_estimators=300_max_features=log2,0.4312,0.0655949693193006,0.4214,0.0329438916948195,0.7128,0.0365540695408869,0.9294,0.0518198803549371,0.4394,0.434,0.9918
fine_warm,RF,RF_n_estimators=100_max_features=log2,0.0962,0.0517320017010747,0.1128,0.0836223654293514,0.5542,0.0480177050680267,0.6436,0.1021435264713334,0.1129999999999999,0.123,0.9852
fine_waxy,RF,RF_n_estimators=300_max_features=log2,0.5524,0.0157416644609139,0.525,0.0313847096529504,0.7502,0.0370364685141551,0.8902000000000001,0.0143596657342711,0.5064,0.5624,0.9378
fine_weedy,SVM,SVM_C=1,0.0536,0.0589516751246306,0.0,0.0,0.5,0.0,0.583,0.2089641117512765,0.0,0.0,1.0
fine_winey,XGB,XGB_n_estimators=300_max_depth=3,0.35,0.087198050436922,0.3586,0.04594344349306,0.6782,0.0368537650722419,0.8858,0.0348955584566288,0.365,0.394,0.9626
fine_woody,RF,RF_n_estimators=300_max_features=sqrt,0.6154,0.0407529140062401,0.5786,0.0413315859845711,0.774,0.0196850196850295,0.8640000000000001,0.0161709616287962,0.5324,0.6368,0.9106
