Feature,Reference,p-Values Corrected,p-Values Uncorrected
Feature 0,SMR_VSA1,1.9822941417663992e-177,1.9862666751166327e-180
Feature 1,nO,9.515714991417056e-163,1.9069569121076266e-165
Feature 2,MACCS_126,3.0310952217205665e-135,9.111508682526753e-138
Feature 3,nBondsD,5.44399180267601e-129,2.1819606423551142e-131
Feature 4,morgan_183,6.621967536805883e-129,3.317619006415773e-131
Feature 5,NssO,2.1258133214028164e-126,1.2780440810036972e-128
Feature 6,EState_VSA2,6.668083843165909e-122,4.677012715647431e-124
Feature 7,MACCS_159,1.4583329345701027e-121,1.1690043563688198e-123
Feature 8,nRot,2.7373149017767634e-121,2.4685204525040953e-123
Feature 9,MACCS_123,1.4827086431620973e-120,1.4856800031684342e-122
Feature 10,GeomDiameter,1.2809268382284696e-113,1.411843208468253e-115
Feature 11,VSA_EState1,1.928610868558623e-107,2.3189709842388255e-109
Feature 12,ATS0dv,3.665925594977864e-105,4.7752537810332906e-107
Feature 13,SlogP_VSA3,9.421578682364347e-102,1.3216643442194476e-103
Feature 14,NdssC,7.554795107037479e-101,1.1354902465487193e-102
Feature 15,MACCS_157,9.578016937268174e-98,1.5355538175981041e-99
Feature 16,MACCS_088,1.3904700643758377e-95,2.368536181802529e-97
Feature 17,PEOE_VSA1,1.9447842657169523e-93,3.5076269321548244e-95
Feature 18,MACCS_164,2.205343710122705e-93,4.1985501495322035e-95
Feature 19,morgan_295,4.440367179882881e-85,8.898531422610984e-87
Feature 20,NdO,7.862395350933872e-83,1.6544118473908949e-84
Feature 21,MOMI-X,7.497351023890921e-81,1.652722670597197e-82
Feature 22,nS,3.1071392799646945e-79,7.160741827573945e-81
Feature 23,EState_VSA10,7.467060341474997e-77,1.7956858536613217e-78
Feature 24,JGI7,1.1864027167474533e-76,2.9719506932551437e-78
Feature 25,MACCS_121,1.471852425244899e-76,3.834485276189115e-78
Feature 26,GGI7,2.374405985634369e-74,6.423743648509815e-76
Feature 27,nHeavyAtom,2.9307728161757244e-74,8.222609103499026e-76
Feature 28,TIC1,4.030202715942723e-72,1.171100989602595e-73
Feature 29,MACCS_161,6.335695464509209e-71,1.9045176747021671e-72
Feature 30,NsSH,6.4595181692539114e-71,2.0064635595878885e-72
Feature 31,EState_VSA9,2.852728530112463e-69,9.14702534705399e-71
Feature 32,naHRing,2.3778332430734344e-68,7.862574851846026e-70
Feature 33,MACCS_154,7.007977912109714e-68,2.387487465047397e-69
Feature 34,ATS0v,1.0603110897562806e-66,3.71852586587874e-68
Feature 35,TopoPSA(NO),1.1944227814787262e-66,4.308539091506427e-68
Feature 36,morgan_381,1.9852682039207717e-63,7.360212780066989e-65
Feature 37,MACCS_081,2.2602307985147373e-63,8.606089212781565e-65
Feature 38,nAtom,4.539876002893294e-63,1.7740998408100046e-64
Feature 39,PBF,1.390671105472792e-62,5.573832086063295e-64
Feature 40,morgan_138,5.2751726274476705e-62,2.1671550874284015e-63
Feature 41,morgan_80,4.281313007645779e-61,1.8017549731575422e-62
Feature 42,ATS0p,3.790981598719502e-60,1.633388865179745e-61
Feature 43,MACCS_109,2.4660054053854348e-59,1.0872168119935785e-60
Feature 44,ATSC0v,3.5255526341896847e-59,1.5896780414682947e-60
Feature 45,bpol,5.625952821928514e-58,2.5931245471814796e-59
Feature 46,PEOE_VSA4,1.2062627037208553e-57,5.680796300088196e-59
Feature 47,ATS1dv,3.81023281686663e-57,1.832576905907798e-58
Feature 48,CIC0,2.2260998982555853e-56,1.0929748999451272e-57
Feature 49,MACCS_137,2.6589587338061516e-55,1.3321436542114988e-56
Feature 50,nN,2.657509392095592e-55,1.3580458817322165e-56
Feature 51,morgan_147,3.1746006107715612e-55,1.6541005186384886e-56
Feature 52,ATSC0i,1.0193823158831793e-54,5.413553380942736e-56
Feature 53,SMR_VSA3,1.6259257752155764e-54,8.79759437491394e-56
Feature 54,ATS3dv,1.8354304140273878e-54,1.0115097472094821e-55
Feature 55,nC,1.262245090730539e-53,7.082737984059137e-55
Feature 56,GGI8,2.2225770408689044e-53,1.269407728752781e-54
Feature 57,IC3,6.784395190409884e-53,3.942834880198129e-54
Feature 58,MACCS_156,7.318800088585481e-53,4.326745543352138e-54
Feature 59,piPC1,1.6646665221192665e-52,1.0008015163041682e-53
Feature 60,MACCS_065,8.13609124219061e-50,4.9729615808980684e-51
Feature 61,GGI6,5.096548604943632e-49,3.1661925201052623e-50
Feature 62,morgan_229,7.155790901823164e-48,4.517182633415424e-49
Feature 63,AATSC0dv,1.6857310542231896e-47,1.0810299345719853e-48
Feature 64,VSA_EState2,2.6564403612314815e-47,1.7301465278561754e-48
Feature 65,MACCS_108,1.763748771646813e-46,1.1664070032934834e-47
Feature 66,NaaN,1.3247543749681088e-45,8.893641595477283e-47
Feature 67,MACCS_146,2.970217623006015e-45,2.023795574793678e-46
Feature 68,fMF,1.923543157122082e-44,1.3299045875894154e-45
Feature 69,MACCS_099,9.344966146086763e-44,6.554585473207149e-45
Feature 70,MACCS_050,1.841222382693276e-43,1.3098876670463185e-44
Feature 71,SaasC,4.168774010481036e-43,3.0075323522508476e-44
Feature 72,morgan_2,4.828952272880407e-42,3.5321995583193358e-43
Feature 73,MACCS_076,1.116053041705752e-41,8.275343195012589e-43
Feature 74,MACCS_064,2.0947777335908484e-41,1.5742317637205775e-42
Feature 75,morgan_4,3.101096817939303e-41,2.361556695023918e-42
Feature 76,ATS1Z,3.491899088815441e-41,2.6941505995870634e-42
Feature 77,SlogP_VSA2,1.8373164819187137e-40,1.435978813523644e-41
Feature 78,morgan_505,9.54907516768274e-39,7.55888715678293e-40
Feature 79,ZMIC1,2.585084988958679e-38,2.072212415998941e-39
Feature 80,morgan_13,6.777534819408739e-38,5.500804813347774e-39
Feature 81,JGI8,1.2586939437426562e-37,1.034197428726431e-38
Feature 82,IC2,1.8220153972320348e-37,1.51530338647554e-38
Feature 83,morgan_182,5.916499666207295e-37,4.979819358330789e-38
Feature 84,ATSC0d,1.4947051285161688e-36,1.2730454501390214e-37
Feature 85,n6aHRing,2.1927440733338262e-36,1.8895389810291487e-37
Feature 86,GhoseFilter,2.577100393815817e-35,2.2465704835869344e-36
Feature 87,AATS0dv,7.256530313364608e-35,6.39854376328743e-36
Feature 88,morgan_378,1.3017952187148018e-34,1.1609195838238213e-35
Feature 89,morgan_435,1.2152605881427068e-33,1.0959263820926213e-34
Feature 90,MACCS_082,2.242976341850706e-33,2.0451988688217863e-34
Feature 91,nHRing,4.0410690143140794e-33,3.7252339610911353e-34
Feature 92,MACCS_072,5.184713857968728e-33,4.831446781473864e-34
Feature 93,nHBAcc,7.576599537427217e-33,7.136276117416418e-34
Feature 94,MACCS_155,7.68846738689835e-33,7.318681380314061e-34
Feature 95,morgan_375,8.534073263828086e-33,8.209128590455874e-34
Feature 96,MACCS_140,1.7867635686581608e-32,1.7366339294573306e-33
Feature 97,morgan_243,2.2744481820888993e-32,2.2334260705882978e-33
Feature 98,morgan_282,8.090707159132188e-32,8.025851791123112e-33
Feature 99,NdsCH,1.2018436959349097e-31,1.2042522003355809e-32
