record_seq_num;unix_timestamp_sec;run_id;run_name;device_id;item;cycle;baseline_start_sec;baseline_end_sec;analyte_start_sec;analyte_end_sec;baseline_h;delta_h;baseline_t;delta_t;1;105;106;24;25;34;36;55;SMILES;SpAbs_A;SpMax_A;SpDiam_A;SpMAD_A;LogEE_A;VE1_A;VE2_A;VE3_A;VR1_A;VR2_A;nAtom;nBridgehead;nH;ATS6dv;ATS4d;ATS7d;ATS8d;ATS7s;AATS5d;AATS6d;AATS7d;AATS6s;AATS7s;AATS7Z;AATS0v;AATS4v;AATS5v;AATS6pe;AATS4p;AATS4i;ATSC6c;ATSC8c;ATSC4dv;ATSC2d;ATSC5d;ATSC7d;ATSC3Z;ATSC6Z;ATSC4v;ATSC5v;ATSC6v;ATSC6pe;ATSC5p;AATSC7d;AATSC3Z;AATSC7Z;MATS2c;MATS3c;MATS4c;MATS5c;MATS1dv;MATS3dv;MATS4dv;MATS5dv;MATS2s;MATS3s;MATS5s;MATS6s;MATS5se;MATS3pe;GATS3c;GATS7c;GATS4dv;GATS5dv;GATS2d;GATS2s;GATS3s;GATS5s;GATS5Z;GATS5v;GATS3se;GATS5se;BCUTdv-1l;BCUTd-1h;BCUTs-1l;BCUTZ-1l;C3SP2;Xc-3dv;Xpc-4d;NsCH3;NsssCH;SsCH3;SssCH2;AETA_beta;AETA_eta_RL;ETA_eta_B;GeomShapeIndex;ZMIC2;ZMIC3;PEOE_VSA7;SlogP_VSA5;EState_VSA3;EState_VSA6;VSA_EState4;MDEC-11;TopoShapeIndex;SRW05
0;1775659213.683;2604081640;2604081640;NOA222-10002-3H5QU_fsp;Ocimene_080426;1;0;9.99;10.323;1009.989;0.0;0.0;27.732778;0.127004;0.583413;0.413874;0.331338;0.281003;0.281038;0.308008;0.262813;0.238051;CC(C)/C=C/C=C(\C)/C=C;11.178985606196557;2.0314421132823886;4.062884226564778;1.1178985606196559;3.1236371063524735;2.972851104694123;0.2972851104694123;1.0895214602505632;29.23336652954241;2.923336652954241;26;0;16;14.0;88.0;41.0;36.0;63.66666666666666;1.6428571428571428;1.84375;1.3225806451612903;1.8229166666666663;2.0537634408602146;6.967741935483871;182.0195741687762;111.91866702002307;113.65320827627758;5.460703124999998;1.0044130448431998;164.12460868989953;0.009735291248312532;-0.002425302495127937;-2.0591715976331333;-4.485207100591716;-1.7159763313609468;-0.14201183431952652;-67.0118343195266;2.958579881656804;-21.31383795874298;99.90861543160771;26.642297448428707;0.014497041420118317;0.44663799623476297;-0.004581026913533114;-1.340236686390532;-3.0635617484252706;-0.06513697422718047;-0.1530950334066843;-0.0537883528429202;0.03664040134831129;0.36979865771812076;-0.18771812080536915;-0.021232458816351406;-0.07558325343560239;0.1262274311054799;-0.09605321507760531;-0.03436807095343683;0.1124584257206208;0.044642857142857144;-0.22650000000000015;1.222115058533233;1.0792278282214716;0.9220561317876755;1.058145573665708;2.0281298003072195;0.7077526132404182;1.0052660753880265;0.8707501847745749;0.8705357142857144;0.8705357142857144;1.259375;0.8705357142857143;0.9887113645538416;3.0541567336271043;1.2845122183622608;5.707020123495731;1;0.5;0.7814744144215573;3;1;6.359953703703704;0.0;0.75;0.4663902460147014;0.2503111022260809;0.7572853201445644;18.110387221372374;17.574311228974064;12.841643245852017;20.771211599071872;5.917906046161393;0.0;1.2054629629629632;1.2804902574870265;0.75;0.0
1;1775657911.653;2604081618;2604081618;NOA222-10002-3H5QU_fsp;Ocimene_080426;1;0;9.99;10.323;1009.989;0.0;0.0;27.732667;0.138572;0.53211;0.434074;0.334196;0.290782;0.289314;0.313109;0.263302;0.284833;CC(C)/C=C/C=C(\C)/C=C;11.178985606196557;2.0314421132823886;4.062884226564778;1.1178985606196559;3.1236371063524735;2.972851104694123;0.2972851104694123;1.0895214602505632;29.23336652954241;2.923336652954241;26;0;16;14.0;88.0;41.0;36.0;63.66666666666666;1.6428571428571428;1.84375;1.3225806451612903;1.8229166666666663;2.0537634408602146;6.967741935483871;182.0195741687762;111.91866702002307;113.65320827627758;5.460703124999998;1.0044130448431998;164.12460868989953;0.009735291248312532;-0.002425302495127937;-2.0591715976331333;-4.485207100591716;-1.7159763313609468;-0.14201183431952652;-67.0118343195266;2.958579881656804;-21.31383795874298;99.90861543160771;26.642297448428707;0.014497041420118317;0.44663799623476297;-0.004581026913533114;-1.340236686390532;-3.0635617484252706;-0.06513697422718047;-0.1530950334066843;-0.0537883528429202;0.03664040134831129;0.36979865771812076;-0.18771812080536915;-0.021232458816351406;-0.07558325343560239;0.1262274311054799;-0.09605321507760531;-0.03436807095343683;0.1124584257206208;0.044642857142857144;-0.22650000000000015;1.222115058533233;1.0792278282214716;0.9220561317876755;1.058145573665708;2.0281298003072195;0.7077526132404182;1.0052660753880265;0.8707501847745749;0.8705357142857144;0.8705357142857144;1.259375;0.8705357142857143;0.9887113645538416;3.0541567336271043;1.2845122183622608;5.707020123495731;1;0.5;0.7814744144215573;3;1;6.359953703703704;0.0;0.75;0.4663902460147014;0.2503111022260809;0.7572853201445644;18.110387221372374;17.574311228974064;12.841643245852017;20.771211599071872;5.917906046161393;0.0;1.2054629629629632;1.2804902574870265;0.75;0.0
2;1775656593.639;2604081556;2604081556;NOA222-10002-3H5QU_fsp;Ocimene_080426;1;0;9.99;10.323;1009.989;0.0;0.0;27.717333;0.164507;0.494081;0.473268;0.332771;0.285086;0.301563;0.321381;0.255588;0.283442;CC(C)/C=C/C=C(\C)/C=C;11.178985606196557;2.0314421132823886;4.062884226564778;1.1178985606196559;3.1236371063524735;2.972851104694123;0.2972851104694123;1.0895214602505632;29.23336652954241;2.923336652954241;26;0;16;14.0;88.0;41.0;36.0;63.66666666666666;1.6428571428571428;1.84375;1.3225806451612903;1.8229166666666663;2.0537634408602146;6.967741935483871;182.0195741687762;111.91866702002307;113.65320827627758;5.460703124999998;1.0044130448431998;164.12460868989953;0.009735291248312532;-0.002425302495127937;-2.0591715976331333;-4.485207100591716;-1.7159763313609468;-0.14201183431952652;-67.0118343195266;2.958579881656804;-21.31383795874298;99.90861543160771;26.642297448428707;0.014497041420118317;0.44663799623476297;-0.004581026913533114;-1.340236686390532;-3.0635617484252706;-0.06513697422718047;-0.1530950334066843;-0.0537883528429202;0.03664040134831129;0.36979865771812076;-0.18771812080536915;-0.021232458816351406;-0.07558325343560239;0.1262274311054799;-0.09605321507760531;-0.03436807095343683;0.1124584257206208;0.044642857142857144;-0.22650000000000015;1.222115058533233;1.0792278282214716;0.9220561317876755;1.058145573665708;2.0281298003072195;0.7077526132404182;1.0052660753880265;0.8707501847745749;0.8705357142857144;0.8705357142857144;1.259375;0.8705357142857143;0.9887113645538416;3.0541567336271043;1.2845122183622608;5.707020123495731;1;0.5;0.7814744144215573;3;1;6.359953703703704;0.0;0.75;0.4663902460147014;0.2503111022260809;0.7572853201445644;18.110387221372374;17.574311228974064;12.841643245852017;20.771211599071872;5.917906046161393;0.0;1.2054629629629632;1.2804902574870265;0.75;0.0
3;1775654283.618;2604081518;2604081518;NOA222-10002-3H5QU_fsp;Delta 3 Carene_080426;1;0;9.99;10.323;1009.989;0.0;0.0;28.238667;-0.019337;0.449125;0.467397;0.330214;0.301157;0.322543;0.331946;0.270023;0.304884;CC1=CCC2C(C1)C2(C)C;12.284425065440635;2.6106403829419254;4.712443631433494;1.2284425065440636;3.345999305618446;2.804251923537365;0.28042519235373653;1.0311368094794373;41.66736356327814;4.166736356327814;26;0;16;0.0;124.0;18.0;0.0;18.0;1.540983606557377;1.0;1.0;1.5714285714285714;1.0;1.0;182.0195741687762;99.20568450186985;72.74893501073608;5.279999999999999;0.9298152118676628;165.85316908518143;-0.0052975274449501885;0.0;-2.218934911242596;-11.213017751479285;-2.236686390532546;3.834319526627217;-159.9112426035503;-37.72189349112424;-227.7916431840656;317.0433396363019;-339.689292467466;-0.1848372781065083;1.4173312413849812;0.21301775147928984;-2.3867349642320943;3.6982248520710055;-0.0007652410940070313;-0.35699908190988855;0.08249797716342933;0.006331252204099642;0.4800523996665474;-0.2968757498680232;-0.015072347266880979;-0.09477623741500178;0.19356882739599543;-0.33150846203861106;0.13919000143812915;-0.588106127957669;0.0975409836065574;-0.40335820895522423;1.447031883865895;0.004860263658676936;0.6629320739549841;0.9764904327658006;2.0578022875816995;0.6622443533910529;1.4119065018313997;0.7010879385218248;0.699282786885246;0.6992827868852461;1.4855410447761195;0.6992827868852459;0.9924362386461362;4.029682523773387;1.1450967340065614;5.73028312768957;1;1.3505100081504062;2.3732228590218347;3;2;7.091435185185185;2.7233796296296298;0.65;0.4621027033568037;0.2931865288050579;0.893959939547678;19.759332507258147;17.98976349330346;37.01618300726221;33.61285484492389;5.41499046939678;5.573104530069267;2.292291666666667;0.814325284978472;0.6666666666666666;4.2626798770413155
4;1775653158.078;2604081459;2604081459;NOA222-10002-3H5QU_fsp;Delta 3 Carene_080426;1;0;9.99;10.323;1009.989;0.0;0.0;28.478333;0.029612;0.417917;0.445122;0.334211;0.330728;0.320887;0.361776;0.276138;0.30989;CC1=CCC2C(C1)C2(C)C;12.284425065440635;2.6106403829419254;4.712443631433494;1.2284425065440636;3.345999305618446;2.804251923537365;0.28042519235373653;1.0311368094794373;41.66736356327814;4.166736356327814;26;0;16;0.0;124.0;18.0;0.0;18.0;1.540983606557377;1.0;1.0;1.5714285714285714;1.0;1.0;182.0195741687762;99.20568450186985;72.74893501073608;5.279999999999999;0.9298152118676628;165.85316908518143;-0.0052975274449501885;0.0;-2.218934911242596;-11.213017751479285;-2.236686390532546;3.834319526627217;-159.9112426035503;-37.72189349112424;-227.7916431840656;317.0433396363019;-339.689292467466;-0.1848372781065083;1.4173312413849812;0.21301775147928984;-2.3867349642320943;3.6982248520710055;-0.0007652410940070313;-0.35699908190988855;0.08249797716342933;0.006331252204099642;0.4800523996665474;-0.2968757498680232;-0.015072347266880979;-0.09477623741500178;0.19356882739599543;-0.33150846203861106;0.13919000143812915;-0.588106127957669;0.0975409836065574;-0.40335820895522423;1.447031883865895;0.004860263658676936;0.6629320739549841;0.9764904327658006;2.0578022875816995;0.6622443533910529;1.4119065018313997;0.7010879385218248;0.699282786885246;0.6992827868852461;1.4855410447761195;0.6992827868852459;0.9924362386461362;4.029682523773387;1.1450967340065614;5.73028312768957;1;1.3505100081504062;2.3732228590218347;3;2;7.091435185185185;2.7233796296296298;0.65;0.4621027033568037;0.2931865288050579;0.893959939547678;19.759332507258147;17.98976349330346;37.01618300726221;33.61285484492389;5.41499046939678;5.573104530069267;2.292291666666667;0.814325284978472;0.6666666666666666;4.2626798770413155
5;1775652032.871;2604081440;2604081440;NOA222-10002-3H5QU_fsp;Delta 3 Carene_080426;1;0;9.99;10.323;1009.989;0.0;0.0;28.614;0.038394;0.385671;0.444666;0.325081;0.347647;0.33288;0.39504;0.275756;0.289977;CC1=CCC2C(C1)C2(C)C;12.284425065440635;2.6106403829419254;4.712443631433494;1.2284425065440636;3.345999305618446;2.804251923537365;0.28042519235373653;1.0311368094794373;41.66736356327814;4.166736356327814;26;0;16;0.0;124.0;18.0;0.0;18.0;1.540983606557377;1.0;1.0;1.5714285714285714;1.0;1.0;182.0195741687762;99.20568450186985;72.74893501073608;5.279999999999999;0.9298152118676628;165.85316908518143;-0.0052975274449501885;0.0;-2.218934911242596;-11.213017751479285;-2.236686390532546;3.834319526627217;-159.9112426035503;-37.72189349112424;-227.7916431840656;317.0433396363019;-339.689292467466;-0.1848372781065083;1.4173312413849812;0.21301775147928984;-2.3867349642320943;3.6982248520710055;-0.0007652410940070313;-0.35699908190988855;0.08249797716342933;0.006331252204099642;0.4800523996665474;-0.2968757498680232;-0.015072347266880979;-0.09477623741500178;0.19356882739599543;-0.33150846203861106;0.13919000143812915;-0.588106127957669;0.0975409836065574;-0.40335820895522423;1.447031883865895;0.004860263658676936;0.6629320739549841;0.9764904327658006;2.0578022875816995;0.6622443533910529;1.4119065018313997;0.7010879385218248;0.699282786885246;0.6992827868852461;1.4855410447761195;0.6992827868852459;0.9924362386461362;4.029682523773387;1.1450967340065614;5.73028312768957;1;1.3505100081504062;2.3732228590218347;3;2;7.091435185185185;2.7233796296296298;0.65;0.4621027033568037;0.2931865288050579;0.893959939547678;19.759332507258147;17.98976349330346;37.01618300726221;33.61285484492389;5.41499046939678;5.573104530069267;2.292291666666667;0.814325284978472;0.6666666666666666;4.2626798770413155
6;1775650827.411;2604081420;2604081420;NOA222-10002-3H5QU_fsp;Linalol_080426;1;0;9.99;10.323;1009.989;0.0;0.0;28.405;0.217029;0.316629;0.414122;0.310983;0.364879;0.36894;0.42211;0.287135;0.318845;CC(=CCCC(C)(C=C)O)C;11.828972355048645;2.175327747161075;4.350655494322149;1.0753611231862406;3.2364987166650705;2.8861640251245984;0.26237854773859987;1.1552384733034782;43.964739376337064;3.996794488757915;29;0;18;26.0;118.0;44.0;40.0;97.33333333333331;1.4838709677419355;1.8095238095238095;1.2941176470588236;2.1150793650793647;2.8627450980392153;7.823529411764706;172.79542049015163;102.60135674781677;96.26844993355574;5.481821428571429;0.9215853068683891;166.77880866723206;0.05738171427788438;0.03193599565370508;6.919143876337698;-8.142687277051127;-0.7181926278240198;0.1712247324613546;-150.89179548156963;74.22235434007136;-149.07813221446636;394.9336835664352;423.580142546264;0.7098131985731276;1.4387901463222328;0.005036021542981018;-2.43373863679951;-5.187451912988738;0.12164992423463074;-0.12614131487268126;-0.028244323562213052;0.06234690961831086;0.3159130026599902;-0.3447514397767022;0.04138632451885466;0.19830053351234841;0.13972846619628404;-0.16096269735227564;0.04902298693861977;0.24103610675039255;0.06139303732757599;-0.31074682759345545;1.5410865185382872;2.114343902931522;0.7507716817683957;0.5522736105713174;2.413314840499307;0.6954256732278711;1.6956613857606417;0.5350524909333844;0.6980759391249508;0.7489042763424963;1.8593072600504468;0.4889819247006666;0.9924146813519281;4.018018165442978;1.1849408985095542;5.731706113302094;1;0.8712997006262716;1.7457819157813603;3;0;5.892938397581254;1.669675925925926;0.6590909090909091;0.45246930829238274;0.4370511711568845;0.9924112188249876;18.70724099226425;18.510138854669243;33.61285484492389;33.61285484492389;0.0;12.999757306524504;0.5937381897203329;1.2804902574870265;0.75;0.0
7;1775649627.612;2604081400;2604081400;NOA222-10002-3H5QU_fsp;Linalol_080426;1;0;9.99;10.323;1009.989;0.0;0.0;28.174667;0.227422;0.260262;0.35884;0.301203;0.380818;0.417551;0.455167;0.291514;0.31819;CC(=CCCC(C)(C=C)O)C;11.828972355048645;2.175327747161075;4.350655494322149;1.0753611231862406;3.2364987166650705;2.8861640251245984;0.26237854773859987;1.1552384733034782;43.964739376337064;3.996794488757915;29;0;18;26.0;118.0;44.0;40.0;97.33333333333331;1.4838709677419355;1.8095238095238095;1.2941176470588236;2.1150793650793647;2.8627450980392153;7.823529411764706;172.79542049015163;102.60135674781677;96.26844993355574;5.481821428571429;0.9215853068683891;166.77880866723206;0.05738171427788438;0.03193599565370508;6.919143876337698;-8.142687277051127;-0.7181926278240198;0.1712247324613546;-150.89179548156963;74.22235434007136;-149.07813221446636;394.9336835664352;423.580142546264;0.7098131985731276;1.4387901463222328;0.005036021542981018;-2.43373863679951;-5.187451912988738;0.12164992423463074;-0.12614131487268126;-0.028244323562213052;0.06234690961831086;0.3159130026599902;-0.3447514397767022;0.04138632451885466;0.19830053351234841;0.13972846619628404;-0.16096269735227564;0.04902298693861977;0.24103610675039255;0.06139303732757599;-0.31074682759345545;1.5410865185382872;2.114343902931522;0.7507716817683957;0.5522736105713174;2.413314840499307;0.6954256732278711;1.6956613857606417;0.5350524909333844;0.6980759391249508;0.7489042763424963;1.8593072600504468;0.4889819247006666;0.9924146813519281;4.018018165442978;1.1849408985095542;5.731706113302094;1;0.8712997006262716;1.7457819157813603;3;0;5.892938397581254;1.669675925925926;0.6590909090909091;0.45246930829238274;0.4370511711568845;0.9924112188249876;18.70724099226425;18.510138854669243;33.61285484492389;33.61285484492389;0.0;12.999757306524504;0.5937381897203329;1.2804902574870265;0.75;0.0
8;1775648500.074;2604081341;2604081341;NOA222-10002-3H5QU_fsp;Linalol_080426;1;0;9.99;10.323;1009.989;0.0;0.0;27.651333;0.32206;0.217717;0.302994;0.283891;0.398673;0.459304;0.440551;0.311318;0.345391;CC(=CCCC(C)(C=C)O)C;11.828972355048645;2.175327747161075;4.350655494322149;1.0753611231862406;3.2364987166650705;2.8861640251245984;0.26237854773859987;1.1552384733034782;43.964739376337064;3.996794488757915;29;0;18;26.0;118.0;44.0;40.0;97.33333333333331;1.4838709677419355;1.8095238095238095;1.2941176470588236;2.1150793650793647;2.8627450980392153;7.823529411764706;172.79542049015163;102.60135674781677;96.26844993355574;5.481821428571429;0.9215853068683891;166.77880866723206;0.05738171427788438;0.03193599565370508;6.919143876337698;-8.142687277051127;-0.7181926278240198;0.1712247324613546;-150.89179548156963;74.22235434007136;-149.07813221446636;394.9336835664352;423.580142546264;0.7098131985731276;1.4387901463222328;0.005036021542981018;-2.43373863679951;-5.187451912988738;0.12164992423463074;-0.12614131487268126;-0.028244323562213052;0.06234690961831086;0.3159130026599902;-0.3447514397767022;0.04138632451885466;0.19830053351234841;0.13972846619628404;-0.16096269735227564;0.04902298693861977;0.24103610675039255;0.06139303732757599;-0.31074682759345545;1.5410865185382872;2.114343902931522;0.7507716817683957;0.5522736105713174;2.413314840499307;0.6954256732278711;1.6956613857606417;0.5350524909333844;0.6980759391249508;0.7489042763424963;1.8593072600504468;0.4889819247006666;0.9924146813519281;4.018018165442978;1.1849408985095542;5.731706113302094;1;0.8712997006262716;1.7457819157813603;3;0;5.892938397581254;1.669675925925926;0.6590909090909091;0.45246930829238274;0.4370511711568845;0.9924112188249876;18.70724099226425;18.510138854669243;33.61285484492389;33.61285484492389;0.0;12.999757306524504;0.5937381897203329;1.2804902574870265;0.75;0.0
9;1775643498.414;2604081218;2604081218;NOA222-10002-3H5QU_fsp;A Pinene_080426;1;0;9.99;10.323;1009.989;0.0;0.0;27.646667;0.262416;0.16914;0.217334;0.243274;0.527367;0.41586;0.460884;0.293844;0.339356;CC1=CCC2CC1C2(C)C;12.18449028865282;2.554463279341993;5.108926558683985;1.2184490288652818;3.3021556410785124;2.940643155691276;0.2940643155691276;1.078628317865224;35.63599261683106;3.5635992616831063;26;2;16;0.0;142.0;0.0;0.0;0.0;1.1875;1.0;1.2941176470588236;1.0;2.272727272727273;6.625;182.0195741687762;99.61689289317036;62.453571408275906;4.840000000000002;0.9464874573821622;164.16199641605547;0.022490395575754576;0.0;-30.18343195266271;-7.307692307692303;8.094674556213013;0.0;-131.3609467455621;99.85207100591715;-945.8015594192196;53.28459489685753;899.1775388844694;0.4892751479289939;0.2382069313252053;0.10590071343638519;-1.9037818368922044;-5.187451912988738;0.023564392258942444;-0.19912277218296706;-0.10384147250166517;-0.06918338822772999;0.5001786352268666;-0.3802600307563259;-0.19072010767965297;0.1338424437299036;0.1742145909874784;-0.19006838336848675;-0.1673352328109771;0.46794631476344006;0.015625000000000007;-0.3217391304347829;1.306053509452778;1.0792278282214716;0.9599566290286399;0.3918810289389068;2.03125;0.6649733823198622;1.2904603407975854;1.1696783384569245;0.7617187500000002;0.7617187500000001;1.4130434782608696;0.7617187500000001;0.9924434789236263;4.027899929491585;1.0999322038292134;5.714298149766134;1;1.3237499091029978;3.2601537981019812;3;2;7.131412037037036;2.810185185185185;0.65;0.4621027033568037;0.2931865288050579;0.8126315162318682;17.782037361138762;17.782037361138762;37.01618300726221;33.61285484492389;5.41499046939678;5.573104530069267;2.283564814814815;0.944940787421155;0.3333333333333333;0.0
10;1775642355.558;2604081159;2604081159;NOA222-10002-3H5QU_fsp;A Pinene_080426;1;0;9.99;10.323;1009.989;0.0;0.0;27.297333;0.237242;0.163829;0.228706;0.24432;0.564963;0.393132;0.420381;0.302292;0.345435;CC1=CCC2CC1C2(C)C;12.18449028865282;2.554463279341993;5.108926558683985;1.2184490288652818;3.3021556410785124;2.940643155691276;0.2940643155691276;1.078628317865224;35.63599261683106;3.5635992616831063;26;2;16;0.0;142.0;0.0;0.0;0.0;1.1875;1.0;1.2941176470588236;1.0;2.272727272727273;6.625;182.0195741687762;99.61689289317036;62.453571408275906;4.840000000000002;0.9464874573821622;164.16199641605547;0.022490395575754576;0.0;-30.18343195266271;-7.307692307692303;8.094674556213013;0.0;-131.3609467455621;99.85207100591715;-945.8015594192196;53.28459489685753;899.1775388844694;0.4892751479289939;0.2382069313252053;0.10590071343638519;-1.9037818368922044;-5.187451912988738;0.023564392258942444;-0.19912277218296706;-0.10384147250166517;-0.06918338822772999;0.5001786352268666;-0.3802600307563259;-0.19072010767965297;0.1338424437299036;0.1742145909874784;-0.19006838336848675;-0.1673352328109771;0.46794631476344006;0.015625000000000007;-0.3217391304347829;1.306053509452778;1.0792278282214716;0.9599566290286399;0.3918810289389068;2.03125;0.6649733823198622;1.2904603407975854;1.1696783384569245;0.7617187500000002;0.7617187500000001;1.4130434782608696;0.7617187500000001;0.9924434789236263;4.027899929491585;1.0999322038292134;5.714298149766134;1;1.3237499091029978;3.2601537981019812;3;2;7.131412037037036;2.810185185185185;0.65;0.4621027033568037;0.2931865288050579;0.8126315162318682;17.782037361138762;17.782037361138762;37.01618300726221;33.61285484492389;5.41499046939678;5.573104530069267;2.283564814814815;0.944940787421155;0.3333333333333333;0.0
11;1775641019.562;2604081136;2604081136;NOA222-10002-3H5QU_fsp;A Pinene_080426;1;0;9.99;10.323;1009.989;0.0;0.0;27.090333;0.244947;0.178292;0.262961;0.259368;0.594179;0.330242;0.408179;0.327761;0.309268;CC1=CCC2CC1C2(C)C;12.18449028865282;2.554463279341993;5.108926558683985;1.2184490288652818;3.3021556410785124;2.940643155691276;0.2940643155691276;1.078628317865224;35.63599261683106;3.5635992616831063;26;2;16;0.0;142.0;0.0;0.0;0.0;1.1875;1.0;1.2941176470588236;1.0;2.272727272727273;6.625;182.0195741687762;99.61689289317036;62.453571408275906;4.840000000000002;0.9464874573821622;164.16199641605547;0.022490395575754576;0.0;-30.18343195266271;-7.307692307692303;8.094674556213013;0.0;-131.3609467455621;99.85207100591715;-945.8015594192196;53.28459489685753;899.1775388844694;0.4892751479289939;0.2382069313252053;0.10590071343638519;-1.9037818368922044;-5.187451912988738;0.023564392258942444;-0.19912277218296706;-0.10384147250166517;-0.06918338822772999;0.5001786352268666;-0.3802600307563259;-0.19072010767965297;0.1338424437299036;0.1742145909874784;-0.19006838336848675;-0.1673352328109771;0.46794631476344006;0.015625000000000007;-0.3217391304347829;1.306053509452778;1.0792278282214716;0.9599566290286399;0.3918810289389068;2.03125;0.6649733823198622;1.2904603407975854;1.1696783384569245;0.7617187500000002;0.7617187500000001;1.4130434782608696;0.7617187500000001;0.9924434789236263;4.027899929491585;1.0999322038292134;5.714298149766134;1;1.3237499091029978;3.2601537981019812;3;2;7.131412037037036;2.810185185185185;0.65;0.4621027033568037;0.2931865288050579;0.8126315162318682;17.782037361138762;17.782037361138762;37.01618300726221;33.61285484492389;5.41499046939678;5.573104530069267;2.283564814814815;0.944940787421155;0.3333333333333333;0.0
12;1775639545.371;2604081112;2604081112;NOA222-10002-3H5QU_fsp;S limonene_080426;1;0;9.99;10.323;1009.989;0.0;0.0;26.842;0.241262;0.340266;0.226646;0.241578;0.553719;0.321924;0.405501;0.322474;0.309565;CC1=CC[C@H](CC1)C(=C)C;11.936237570137331;2.2360679774997894;4.47213595499958;1.1936237570137331;3.1972363455562873;2.995352392457284;0.2995352392457284;1.0970618848988374;31.976928414025956;3.1976928414025956;26;0;16;3.0;119.0;11.0;15.0;25.0;1.360655737704918;1.5714285714285714;1.0;1.4761904761904765;2.272727272727273;6.0;182.0195741687762;106.98997347896191;77.81090690219199;5.17875;0.9872351666300132;163.44807305468;0.010988541933212971;0.015769869855237463;-2.63905325443787;-5.437869822485206;0.5621301775147919;1.6272189349112427;-101.47928994082838;38.16568047337276;-600.7838074620674;455.58328636813116;343.6856370847304;0.18701183431952662;2.03666926283052;0.14792899408284024;-1.636762740981103;-5.917159763313609;-0.09442739206058508;-0.2392982516843516;-0.025365786442142685;0.08574387228571426;0.3389261744966442;-0.2949772678068846;-0.020224922909486666;0.11706458356254812;0.09063165774169385;-0.24162622103098766;0.06818754619416723;0.3778594872047973;0.14016393442622951;-0.2766129032258067;1.3000631909041052;1.9554152118398969;0.7368946127335388;0.5810595224997249;1.9069752109704643;0.6245681464847124;1.3265564836536474;0.8145040480957382;0.6659836065573771;0.6659836065573771;1.3432459677419353;0.665983606557377;0.9949928530875701;3.1229222982096894;1.2266974531815775;5.722420975566918;2;0.5525858577612694;1.4486884049837438;2;1;4.354962207105064;3.815833333333334;0.7;0.46983773027576625;0.21583625961543262;0.870133606018629;18.184625854036337;16.41505684008165;39.02784531432067;33.10993926815928;0.0;5.573104530069267;2.9039351851851856;0.7211247851537042;1.0;0.0
13;1775638429.155;2604081053;2604081053;NOA222-10002-3H5QU_fsp;S limonene_080426;1;0;9.99;10.323;1009.989;0.0;0.0;26.637667;0.187501;0.360308;0.22884;0.274665;0.495981;0.301282;0.400755;0.338526;0.361105;CC1=CC[C@H](CC1)C(=C)C;11.936237570137331;2.2360679774997894;4.47213595499958;1.1936237570137331;3.1972363455562873;2.995352392457284;0.2995352392457284;1.0970618848988374;31.976928414025956;3.1976928414025956;26;0;16;3.0;119.0;11.0;15.0;25.0;1.360655737704918;1.5714285714285714;1.0;1.4761904761904765;2.272727272727273;6.0;182.0195741687762;106.98997347896191;77.81090690219199;5.17875;0.9872351666300132;163.44807305468;0.010988541933212971;0.015769869855237463;-2.63905325443787;-5.437869822485206;0.5621301775147919;1.6272189349112427;-101.47928994082838;38.16568047337276;-600.7838074620674;455.58328636813116;343.6856370847304;0.18701183431952662;2.03666926283052;0.14792899408284024;-1.636762740981103;-5.917159763313609;-0.09442739206058508;-0.2392982516843516;-0.025365786442142685;0.08574387228571426;0.3389261744966442;-0.2949772678068846;-0.020224922909486666;0.11706458356254812;0.09063165774169385;-0.24162622103098766;0.06818754619416723;0.3778594872047973;0.14016393442622951;-0.2766129032258067;1.3000631909041052;1.9554152118398969;0.7368946127335388;0.5810595224997249;1.9069752109704643;0.6245681464847124;1.3265564836536474;0.8145040480957382;0.6659836065573771;0.6659836065573771;1.3432459677419353;0.665983606557377;0.9949928530875701;3.1229222982096894;1.2266974531815775;5.722420975566918;2;0.5525858577612694;1.4486884049837438;2;1;4.354962207105064;3.815833333333334;0.7;0.46983773027576625;0.21583625961543262;0.870133606018629;18.184625854036337;16.41505684008165;39.02784531432067;33.10993926815928;0.0;5.573104530069267;2.9039351851851856;0.7211247851537042;1.0;0.0
14;1775637253.998;2604081034;2604081034;NOA222-10002-3H5QU_fsp;S limonene_080426;1;0;9.99;10.323;1009.989;0.0;0.0;26.763667;0.006501;0.389922;0.286693;0.358304;0.38186;0.249499;0.386402;0.387034;0.360856;CC1=CC[C@H](CC1)C(=C)C;11.936237570137331;2.2360679774997894;4.47213595499958;1.1936237570137331;3.1972363455562873;2.995352392457284;0.2995352392457284;1.0970618848988374;31.976928414025956;3.1976928414025956;26;0;16;3.0;119.0;11.0;15.0;25.0;1.360655737704918;1.5714285714285714;1.0;1.4761904761904765;2.272727272727273;6.0;182.0195741687762;106.98997347896191;77.81090690219199;5.17875;0.9872351666300132;163.44807305468;0.010988541933212971;0.015769869855237463;-2.63905325443787;-5.437869822485206;0.5621301775147919;1.6272189349112427;-101.47928994082838;38.16568047337276;-600.7838074620674;455.58328636813116;343.6856370847304;0.18701183431952662;2.03666926283052;0.14792899408284024;-1.636762740981103;-5.917159763313609;-0.09442739206058508;-0.2392982516843516;-0.025365786442142685;0.08574387228571426;0.3389261744966442;-0.2949772678068846;-0.020224922909486666;0.11706458356254812;0.09063165774169385;-0.24162622103098766;0.06818754619416723;0.3778594872047973;0.14016393442622951;-0.2766129032258067;1.3000631909041052;1.9554152118398969;0.7368946127335388;0.5810595224997249;1.9069752109704643;0.6245681464847124;1.3265564836536474;0.8145040480957382;0.6659836065573771;0.6659836065573771;1.3432459677419353;0.665983606557377;0.9949928530875701;3.1229222982096894;1.2266974531815775;5.722420975566918;2;0.5525858577612694;1.4486884049837438;2;1;4.354962207105064;3.815833333333334;0.7;0.46983773027576625;0.21583625961543262;0.870133606018629;18.184625854036337;16.41505684008165;39.02784531432067;33.10993926815928;0.0;5.573104530069267;2.9039351851851856;0.7211247851537042;1.0;0.0
15;1775636110.143;2604081015;2604081015;NOA222-10002-3H5QU_fsp;R limonene_080426;1;0;9.99;10.323;1009.656;0.0;0.0;27.097333;-0.021673;0.407106;0.270723;0.336881;0.310413;0.276715;0.421387;0.399051;0.371145;CC(=C)C1CCC2(OC(C1)OO2)C;16.01842794590385;2.4241945064063315;4.63732012596916;1.2321867650695268;3.513284890648084;3.3285529758759447;0.2560425366058419;1.4649019322402093;57.888390456526054;4.452953112040466;29;2;16;21.0;190.0;21.0;15.0;42.5;1.6027397260273972;1.7173913043478262;1.3125;2.1249999999999996;2.65625;6.625;185.5752158372845;120.01536141708007;96.55826110562849;5.810195652173913;0.9932391083997361;164.07277586347936;0.0020823150078425213;0.016353521501820876;-48.506539833531505;-4.439952437574313;-0.19381688466112115;1.694411414982163;-147.42925089179542;18.692033293697975;-1019.3396058623124;341.5699408199762;490.57456705856544;-0.9602818073721755;-0.2339057224839847;0.10590071343638519;-1.8901186011768643;-7.777497027348395;0.10474335995035239;-0.12937489731409554;-0.03685210017639907;0.14116151399572346;0.49051896207584833;-0.31084369722094274;-0.1342172797262617;0.16085636945287504;0.28961575505652154;-0.30998758047346253;0.23438757533482713;0.046343733263393125;0.07519659558671088;-0.2832119120327149;1.3282445281556814;1.026750814331275;1.028558268079226;0.5628250348617831;1.6083757781550656;0.6860309896757403;1.4562986691414728;0.5250956376456437;0.6805967116514555;0.8196003877643182;1.4779213194780452;0.5448784672595904;0.9950032810095328;4.018977449400986;1.1885505563151006;5.734119439738025;1;0.8474371273003403;2.730908787695517;2;2;3.986757369614512;2.8171064814814812;0.6923076923076923;0.4684565766009016;0.3242780665613738;0.8548799112641197;19.79176856066993;18.56649635870096;26.18620206846865;33.10993926815928;5.917906046161393;0.0;1.2114351851851854;0.7211247851537042;0.5;2.3978952727983707
16;1775634984.936;2604080956;2604080956;NOA222-10002-3H5QU_fsp;R limonene_080426;1;0;9.99;10.323;1009.989;0.0;0.0;27.163667;0.083045;0.400029;0.246641;0.303939;0.261694;0.279236;0.432497;0.460491;0.375772;CC(=C)C1CCC2(OC(C1)OO2)C;16.01842794590385;2.4241945064063315;4.63732012596916;1.2321867650695268;3.513284890648084;3.3285529758759447;0.2560425366058419;1.4649019322402093;57.888390456526054;4.452953112040466;29;2;16;21.0;190.0;21.0;15.0;42.5;1.6027397260273972;1.7173913043478262;1.3125;2.1249999999999996;2.65625;6.625;185.5752158372845;120.01536141708007;96.55826110562849;5.810195652173913;0.9932391083997361;164.07277586347936;0.0020823150078425213;0.016353521501820876;-48.506539833531505;-4.439952437574313;-0.19381688466112115;1.694411414982163;-147.42925089179542;18.692033293697975;-1019.3396058623124;341.5699408199762;490.57456705856544;-0.9602818073721755;-0.2339057224839847;0.10590071343638519;-1.8901186011768643;-7.777497027348395;0.10474335995035239;-0.12937489731409554;-0.03685210017639907;0.14116151399572346;0.49051896207584833;-0.31084369722094274;-0.1342172797262617;0.16085636945287504;0.28961575505652154;-0.30998758047346253;0.23438757533482713;0.046343733263393125;0.07519659558671088;-0.2832119120327149;1.3282445281556814;1.026750814331275;1.028558268079226;0.5628250348617831;1.6083757781550656;0.6860309896757403;1.4562986691414728;0.5250956376456437;0.6805967116514555;0.8196003877643182;1.4779213194780452;0.5448784672595904;0.9950032810095328;4.018977449400986;1.1885505563151006;5.734119439738025;1;0.8474371273003403;2.730908787695517;2;2;3.986757369614512;2.8171064814814812;0.6923076923076923;0.4684565766009016;0.3242780665613738;0.8548799112641197;19.79176856066993;18.56649635870096;26.18620206846865;33.10993926815928;5.917906046161393;0.0;1.2114351851851854;0.7211247851537042;0.5;2.3978952727983707
17;1775633847.741;2604080937;2604080937;NOA222-10002-3H5QU_fsp;R limonene_080426;1;0;9.99;10.323;1009.989;0.0;0.0;26.894333;0.276783;0.391948;0.233349;0.284507;0.203941;0.317557;0.442079;0.459689;0.402241;CC(=C)C1CCC2(OC(C1)OO2)C;16.01842794590385;2.4241945064063315;4.63732012596916;1.2321867650695268;3.513284890648084;3.3285529758759447;0.2560425366058419;1.4649019322402093;57.888390456526054;4.452953112040466;29;2;16;21.0;190.0;21.0;15.0;42.5;1.6027397260273972;1.7173913043478262;1.3125;2.1249999999999996;2.65625;6.625;185.5752158372845;120.01536141708007;96.55826110562849;5.810195652173913;0.9932391083997361;164.07277586347936;0.0020823150078425213;0.016353521501820876;-48.506539833531505;-4.439952437574313;-0.19381688466112115;1.694411414982163;-147.42925089179542;18.692033293697975;-1019.3396058623124;341.5699408199762;490.57456705856544;-0.9602818073721755;-0.2339057224839847;0.10590071343638519;-1.8901186011768643;-7.777497027348395;0.10474335995035239;-0.12937489731409554;-0.03685210017639907;0.14116151399572346;0.49051896207584833;-0.31084369722094274;-0.1342172797262617;0.16085636945287504;0.28961575505652154;-0.30998758047346253;0.23438757533482713;0.046343733263393125;0.07519659558671088;-0.2832119120327149;1.3282445281556814;1.026750814331275;1.028558268079226;0.5628250348617831;1.6083757781550656;0.6860309896757403;1.4562986691414728;0.5250956376456437;0.6805967116514555;0.8196003877643182;1.4779213194780452;0.5448784672595904;0.9950032810095328;4.018977449400986;1.1885505563151006;5.734119439738025;1;0.8474371273003403;2.730908787695517;2;2;3.986757369614512;2.8171064814814812;0.6923076923076923;0.4684565766009016;0.3242780665613738;0.8548799112641197;19.79176856066993;18.56649635870096;26.18620206846865;33.10993926815928;5.917906046161393;0.0;1.2114351851851854;0.7211247851537042;0.5;2.3978952727983707
