label,Bal.Acc_mean,Bal.Acc_std,MCC_mean,MCC_std,F1_mean,F1_std,ROC_AUC_mean,ROC_AUC_std,PR_AUC_mean,PR_AUC_std,Precision_mean,Precision_std,Sensitivity_mean,Sensitivity_std,Specificity_mean,Specificity_std
alcoholic,0.8367127744787402,0.06871331381760294,0.5426932142841892,0.03704907856058272,0.5357497707760273,0.03999746033376992,0.9503925976357653,0.02837107100134307,0.588573523513136,0.05079195306377675,0.4548855218855219,0.07959548993748419,0.6931168831168831,0.14758178301025696,0.9803086658405972,0.010774175806807946
aldehydic,0.6606679772681482,0.08549038747753347,0.3089392623865619,0.15046598984449322,0.3167740779943268,0.1553765378422184,0.9099139511713338,0.02848260245201005,0.3263744516051988,0.1128192195886519,0.3361457785260794,0.16187046559558532,0.3407239886550231,0.17919249496008488,0.9806119658812733,0.012046337642643118
alliaceous,0.7343996863297778,0.07522661415422821,0.437177412329695,0.11870341207639518,0.449062601535407,0.11657958792742684,0.9637947471342923,0.012982633209497697,0.4414943768245786,0.13331739635470835,0.42410052910052903,0.09751469523221712,0.4857011494252873,0.1521745827871811,0.9830982232342684,0.004440317362718523
almond,0.6318582401086623,0.06164183590746269,0.3483152178357375,0.12748646134822073,0.3379241451785825,0.12987658554469284,0.917213848892154,0.041490124203957285,0.33077140540708133,0.11207227398723241,0.48636363636363633,0.15986823086426338,0.2690196078431372,0.12268149702236833,0.9946968723741871,0.002613820189167304
amber,0.7099495554974432,0.13391094757106164,0.3250337881008464,0.15633861889273867,0.32020276246853097,0.14896011546158738,0.9277653714535067,0.025478264182128424,0.31350452187402306,0.11714444306137876,0.28074225245653817,0.0989300703808977,0.44266347687400315,0.2784898879479216,0.9772356341208832,0.014416841661183764
animal,0.6539031868561191,0.050241701915530464,0.24807338358152142,0.07534974821991276,0.26082362082362076,0.07773249906338905,0.8238716815204249,0.02603505654694697,0.17237269264582097,0.058693320250067536,0.2241921768707483,0.07441563331656653,0.34219140429785105,0.11193519416356791,0.9656149694143872,0.022368171835695123
anisic,0.597752057423395,0.016000251015350308,0.2187231464162303,0.051989700193573615,0.22267849668603074,0.04447434591075518,0.8339035331302316,0.06269298249295517,0.22898750376494945,0.1157084870224822,0.27287878787878783,0.11683811574694623,0.20824303405572753,0.03689797825748825,0.9872610807910626,0.009774304216294013
apple,0.7495343635598288,0.042090867387630515,0.45664667048390006,0.07879281863079358,0.4892082480370008,0.07456859227248538,0.9247293230879755,0.021491282029191056,0.47724224547931504,0.09687362896477253,0.451529933481153,0.09119772469773736,0.544814472060638,0.08396449591767101,0.9542542550590195,0.016381922189479804
apricot,0.6197908267254533,0.0709734345438404,0.14067246348255472,0.07472986880012518,0.14084464555052786,0.06375688892407048,0.8660919949411433,0.04209069334088505,0.10240542767620642,0.03959141291810022,0.09763240528858377,0.049490991612291424,0.2840601503759398,0.1472120801308572,0.9555215030749669,0.01684209416722702
aromatic,0.6635263348285758,0.07987989818554847,0.18579986674397914,0.09456506737751222,0.17588235294117643,0.08171320143957178,0.7842007822838425,0.04354842701687839,0.12255440971597027,0.07513175731346904,0.11621368984538458,0.05550709281467049,0.3703081232492996,0.16073355370483547,0.9567445464078519,0.008527607002596933
balsamic,0.6985268042259661,0.024560897815824285,0.32739410484499726,0.03521478921088396,0.3668776141430904,0.033714682334827335,0.8655899125979774,0.01613749978238595,0.34634391332978703,0.025047180054115516,0.3072278118273711,0.04502303898979266,0.4657736468015309,0.05885609916099514,0.9312799616504013,0.01717528673435342
banana,0.6638924779409707,0.06421724440732132,0.29496331937319176,0.06662857154888216,0.29850546279117707,0.05367432567784862,0.9243661123310023,0.009708820289935591,0.28969153907785683,0.0934104327197575,0.30915925376822334,0.15105575515393907,0.3542597402597402,0.14637558705184933,0.9735252156222012,0.019324110535580086
beefy,0.6333168317797359,0.058717274374119735,0.18071882787123145,0.05218659031166719,0.1741328671328671,0.047011204019254994,0.921328370231234,0.029574720569087616,0.11160218695905773,0.03144304930862282,0.1354952237305178,0.03314620289090806,0.28225108225108225,0.12342766637777129,0.9843825813083896,0.006301007642540505
bergamot,0.6783839877442805,0.07546163639302603,0.37476968562956514,0.13118064110465583,0.3618070818070818,0.1329855429093086,0.9292934001012483,0.03910288625778837,0.4565264201216686,0.16450847522067621,0.4333333333333333,0.21570298509241304,0.36,0.15165750888103102,0.9967679754885612,0.0019362374222675646
berry,0.6182353156653677,0.049724633943990765,0.1606614468549058,0.034152815422820566,0.17906743926418672,0.029345901913118838,0.7747118206213216,0.03543861955168818,0.12925481662130184,0.03486067111583051,0.14037222616849585,0.044262418855514095,0.3046554797467576,0.14377659330486572,0.9318151515839777,0.04579106135468215
bitter,0.5765197216899924,0.05018514521379172,0.25077549778414243,0.09905332198324308,0.2055151515151515,0.08625522169152532,0.7434106150841104,0.08147161036165863,0.2035646866138149,0.03039168475478332,0.5148717948717948,0.34411269043910026,0.15728438228438227,0.10237403585117276,0.9957550610956026,0.0044781510601994085
black currant,0.6988104537574102,0.12153199747286476,0.2541154290641343,0.12269427761510907,0.23599949070537302,0.10089204875350127,0.8906779258043367,0.06743052970599021,0.27462527772698875,0.1639094015272079,0.17395020438498693,0.05557021912871221,0.41238095238095235,0.24638773528683047,0.9852399551338682,0.0055451164690946304
brandy,0.6530696845435023,0.09308799494035079,0.16287909259123914,0.10524073568607785,0.14321195301768844,0.10056412070580102,0.9135836273771589,0.04351891768966508,0.12265990759125685,0.06476823730029209,0.10136714769067708,0.08688667858627565,0.33460317460317457,0.20087801728454086,0.97153619448383,0.018966343376692375
burnt,0.6845973789456733,0.0697123846808548,0.26534516739843117,0.04370327969278283,0.2765305527805527,0.04186178823534592,0.8708030826612271,0.014281385174763152,0.21563510353920382,0.018528134433239734,0.2275635884107178,0.05856108433942341,0.43721329207253323,0.18325854635805292,0.9319814658188135,0.046003525202755365
buttery,0.650542269250155,0.06521220949976662,0.2821936605709167,0.10976279043355341,0.2970647312782156,0.11187156844311365,0.8635823231519772,0.024506995378539276,0.23915512653574664,0.057154333120984946,0.2932914046121593,0.09962197092998658,0.3247150997150997,0.13399033727728704,0.9763694387852102,0.013085765097816053
cabbage,0.7504850635677555,0.1602789827510045,0.28340248151248726,0.16875206113269386,0.24933634992458523,0.14296715667815588,0.9549203326318347,0.03531302299793495,0.2598054059172642,0.17094199776201205,0.16762041773231026,0.0971707505880291,0.5201948051948052,0.33005833035030535,0.9807753219407058,0.011833701112570151
camphoreous,0.7284095078320558,0.08802154059854515,0.3614613549959337,0.07878635040074435,0.36197704025979693,0.07344850105974925,0.9223983251015451,0.024434042846868245,0.35579883217736386,0.10594860550477153,0.3167071524966262,0.07655125944693716,0.48803418803418797,0.18901260596305394,0.9687848276299237,0.016113246704028087
caramellic,0.703748739169113,0.07250430422830778,0.4037298284784806,0.05481906490032115,0.4159575754330139,0.0748086247773299,0.885794459043271,0.004015655529567717,0.4476970034169331,0.0302645877891383,0.45575481386392813,0.09951015554291187,0.43773913043478263,0.16287307036781645,0.9697583479034433,0.01912171909053219
cedar,0.6523757897344418,0.09658003707666464,0.2620801818976825,0.16507362510280735,0.2562792922046867,0.16229277782959695,0.9551608724273641,0.020503396570181943,0.2586225551499556,0.12155441202328937,0.25298036465638146,0.19706085936174636,0.31575757575757574,0.2000734484049732,0.9889940037113079,0.011087416397084719
celery,0.5669605917489129,0.10819255560871686,0.08232159203260546,0.12715192417605492,0.0808080808080808,0.11156930320391172,0.7522933024222076,0.10151663859597226,0.13554899024362413,0.11618421896900462,0.05934065934065932,0.08134837592668898,0.14444444444444443,0.22082896571501992,0.9894767390533813,0.005771519658526027
chamomile,0.7605654353174136,0.0950332420518096,0.2936517794135558,0.11356228909744043,0.26036533404954454,0.12771172716538104,0.9525297711294216,0.018619256699029123,0.25056320452796293,0.14783979282444445,0.18498699368264582,0.09974135509385992,0.5433333333333333,0.2066935466390333,0.977797537301494,0.024574685374714588
cheesy,0.7222499449252789,0.06218590255013084,0.449921347528844,0.08880536999528697,0.46343978916930284,0.08747658786857243,0.9068741095637105,0.022198207595495168,0.4759240989130472,0.09598076492801282,0.48795101553166065,0.11102483530725846,0.464976263636688,0.12969652249232433,0.9795236262138701,0.010858784207288006
cherry,0.6720663812324894,0.07482676938486271,0.2539546610692633,0.07500671267491525,0.2504940083149914,0.07428360520846522,0.9102184248511369,0.029133615337681506,0.24558319473257847,0.06051486816005595,0.21068376068376066,0.03731187746373142,0.36711484593837534,0.15891225617816293,0.9770179165266033,0.01111622655831841
chocolate,0.5851070953531297,0.08739022295684942,0.13560788254969075,0.10894306329633445,0.1389544974722535,0.1030459783349403,0.832868679090858,0.05541385043030019,0.1460941036576906,0.08637769382257296,0.1281266352694924,0.08980648029109588,0.18645104895104894,0.1892547116906469,0.9837631417552103,0.01556499162908328
cinnamon,0.6501858254051314,0.13341285714045995,0.2796138168399477,0.20850175266689702,0.282352985578792,0.2033668413608564,0.9234001708267716,0.029553960417770645,0.2830304760985175,0.16625643533378676,0.27984544695071006,0.1738177064247296,0.3095238095238095,0.26884737596752895,0.9908478412864532,0.0032001755457619556
citrus,0.7477438336297277,0.038954169244688724,0.431926251897848,0.05105901373133741,0.47452676527525117,0.04585262182087487,0.8754216489866777,0.012905614153283578,0.42707507844356557,0.021719061263189423,0.41532174574674413,0.046629534315888385,0.5616670530159575,0.08661584166826203,0.933820614243498,0.017704676031466658
clean,0.5713616102247124,0.060769492000591376,0.10036908330528231,0.08759983734654916,0.11712076969152437,0.0822108816924527,0.7932406651922399,0.057841917897357834,0.10528633810258625,0.07395528250077131,0.08858985116007587,0.0641751616346691,0.18554175293305722,0.12434877904492045,0.9571814675163676,0.02559940575410034
clove,0.7166278524225429,0.16074891789844792,0.2800231436524149,0.1532948630888279,0.259459760512392,0.12183068527314785,0.8950272897455426,0.08155225318894614,0.186393396920246,0.09509231414956879,0.19229797979797977,0.07939951740371255,0.4455555555555556,0.3234745777787426,0.9877001492895303,0.0039005353401658123
cocoa,0.6458767115259212,0.0583415224088501,0.31060857519450324,0.06217250681632221,0.31323719758502366,0.06676268686221114,0.8733335130936458,0.02726691396468157,0.24560643058630754,0.06045348417510103,0.3699171842650103,0.10079583149935982,0.30630434782608695,0.1256185076005755,0.9854490752257556,0.010441419409165306
coconut,0.7380027451608275,0.029133572794395657,0.4539401984780899,0.06226070184081593,0.45682508157185414,0.0595780095120014,0.9238886286162418,0.010891050177054712,0.4081780116181431,0.09246599583399898,0.4562324362943557,0.1472387528522126,0.48847022860180755,0.06181620984044992,0.9875352617198475,0.007402321682441273
coffee,0.716037488699609,0.11333850002354956,0.28755586079967416,0.13385069335005143,0.27958387139782487,0.12481718939547368,0.9305384162563237,0.009783410422114874,0.26655690353946565,0.10816518558978949,0.209520202020202,0.07316500301759465,0.4676623376623376,0.2419127062874456,0.9644126397368804,0.016347635419935263
cognac,0.7674486936542965,0.09149618608095803,0.4239001747009915,0.08276789009334919,0.41598541659331933,0.09294215797483632,0.9516505892972619,0.011944238717324834,0.41414889285665735,0.08634878057897398,0.37182808881341656,0.12888383270487846,0.5624571805006588,0.20192238292161996,0.9724402068079343,0.02252473740917838
cooked,0.6518343369164205,0.09434097247428602,0.19760595125723227,0.08379447405320971,0.19250498512634434,0.07092993224502388,0.857243619028333,0.06328226640248927,0.14405879110941155,0.028598420333789402,0.15187946188738177,0.03376487720752943,0.33772875816993464,0.21025160048786953,0.9659399156629064,0.02580558739150974
cooling,0.6837290628973867,0.08185430727830663,0.2950674300220398,0.07637027766054075,0.288747248853547,0.07431992298756132,0.8951254188452973,0.02682446563140425,0.2557111529920025,0.029922536162260756,0.273015873015873,0.1117611371464431,0.3888725490196078,0.17668862483504041,0.9785855767751656,0.017234653663693086
cortex,0.573191587630488,0.05313263362566485,0.09042495808515497,0.047243226030042794,0.09328349092528444,0.04172123865260524,0.7841922233696894,0.08488382358394908,0.06123789497076178,0.022873457005048586,0.0726394360356624,0.04658727288870908,0.17357142857142854,0.11738843789519446,0.9728117466895476,0.014552967926201902
coumarinic,0.6442170852117924,0.10850797643636578,0.32484872605585136,0.16113382402735948,0.3079461697722567,0.1580428543751343,0.9125608982992996,0.042958550897703736,0.31992607903383263,0.13735305719937135,0.4208333333333333,0.20749832663314555,0.2937179487179487,0.2194037966165507,0.9947162217056361,0.003941172782845004
creamy,0.6333742376939797,0.04014076194267137,0.26329204728369937,0.05182177825519225,0.2887424985498075,0.05429665793074517,0.7847116844310179,0.02286851635350123,0.24372031225651303,0.05163063380695374,0.2918018152060705,0.04221491692956185,0.2955033338754269,0.08798535298874242,0.9712451415125324,0.00889575577246538
cucumber,0.7658745233668577,0.17374780384719074,0.3023345796317636,0.19187991277794694,0.26427350427350427,0.17262249089451506,0.9720798748276543,0.011150666617943953,0.2844198850623495,0.132485877449983,0.19003663003663002,0.1397029931574341,0.5522222222222222,0.3564571901295606,0.9795268245114931,0.011697546137561146
dairy,0.6385691602398019,0.04131072231097237,0.2920735507025923,0.05379788634106222,0.30212852780294636,0.0598299101776448,0.8521879906013716,0.0420966216569009,0.26266498949771755,0.09177591070936968,0.33669488406330506,0.06771107455313008,0.29300000000000004,0.08871302046486752,0.9841383204796038,0.008653586102138754
dry,0.6005081405039606,0.04857457696752404,0.1610473840103251,0.05812276757154031,0.18362693510256994,0.06014102204923879,0.7522028875303424,0.024160405489922803,0.13663595761682495,0.018187156136268614,0.1646146841541431,0.04823674199422133,0.24875994972769164,0.11975696287853839,0.9522563312802295,0.03100136835756598
earthy,0.6113232566364643,0.014834935062005495,0.23170957023275313,0.0320099284198489,0.27810650772198964,0.025409316556776355,0.7609596456158754,0.04277103229199568,0.2269037061759093,0.04421298376544767,0.29527314153255846,0.059017627453614864,0.2697158397158397,0.035520869225147626,0.9529306735570888,0.012928216025726741
ethereal,0.7359800696842222,0.04533537120052919,0.5113915323746736,0.043900611285556404,0.5285504329249283,0.0416887599697768,0.9175063367097195,0.024790302835388453,0.5967765182479574,0.04909490809457262,0.5964843400121369,0.10116405531881932,0.49452840221251665,0.10021455923129712,0.9774317371559278,0.012193931772856699
fatty,0.7533024425119595,0.03700438611764973,0.4974656310197763,0.029905822473675264,0.5551513471866851,0.031838816152465595,0.8644487693666697,0.011388507636141867,0.5272333809212512,0.047330364071574996,0.5513070161751703,0.05014831365973987,0.5735042735042735,0.0958637599508373,0.9331006115196455,0.02625654184503026
fermented,0.666084505257586,0.07585657938434887,0.33670541078702076,0.14407908258185345,0.3518980318419308,0.13535336747223142,0.8894413418346465,0.04346565480326693,0.3459964032934469,0.1555412006374419,0.3694444444444444,0.16652925158513981,0.35303776683087024,0.14848587759583715,0.9791312436843016,0.010483740678742384
fishy,0.6969110262531489,0.0329573047011475,0.46280312079100056,0.06363313849438772,0.45183944716758956,0.03819261647068923,0.9227696084790142,0.02343033057836552,0.4657209287442411,0.06449586921990252,0.5823051948051947,0.23832943642110208,0.39975490196078434,0.06848242730003273,0.9940671505455135,0.0036704081401362863
floral,0.7589637849894886,0.01313613360810239,0.48023882652362515,0.01810204294665403,0.6029869010509017,0.014920839513679543,0.8497185858740408,0.008110182782548988,0.5850266496980276,0.004842888958916092,0.5429899341771858,0.02904414537811327,0.6813550094566496,0.04416372240156724,0.8365725605223273,0.023214647246641462
fresh,0.645874785051031,0.04838578938035271,0.251691951539777,0.045447342934645855,0.3294339018198877,0.05597798518964108,0.7760563849437367,0.016971992303199717,0.280129566037789,0.01835645863815357,0.29847572220671303,0.03688759719565276,0.4141846553617,0.15376038605630077,0.8775649147403619,0.06352835957771023
fruit skin,0.5959418216060385,0.07933489138147835,0.09329035878699972,0.06957609513520666,0.08330532212885153,0.059859032983896415,0.7496660145364855,0.11162659888190912,0.0740670748781634,0.03471829539424973,0.05447516641065024,0.03880290615317507,0.2238888888888889,0.1854216083403069,0.9679947543231883,0.03388271718402144
fruity,0.7533078044417214,0.018368401551877248,0.5204567664018651,0.030964081193987185,0.6907419704468472,0.029188874985695182,0.8484847374837801,0.013368770719146068,0.7923964340424248,0.022140609843024642,0.7316163046128168,0.045742419867817866,0.6608325645882133,0.07589621768163703,0.8457830442952297,0.05143619035354243
garlic,0.8081644310353486,0.06235416781005519,0.5460356844204719,0.08610553771368278,0.5454820456409875,0.07701656581825592,0.9809354712249471,0.006469311626336959,0.615310691437143,0.16890576390109324,0.5091624777514816,0.17068836063666198,0.6337513935340022,0.12982548987535766,0.982577468536695,0.008638570340227844
gassy,0.695861383773022,0.12724117069494267,0.3276690363955816,0.18121628910833235,0.3158777285093074,0.1788813537453539,0.9507075626044978,0.03653049448546804,0.309862474550849,0.19615298996201166,0.30428571428571427,0.17093513641635535,0.39999999999999997,0.255550625999976,0.991722767546044,0.006182530345672504
geranium,0.6426471739636985,0.06836192487736999,0.18282628327920594,0.06261344246726748,0.16452301517621973,0.06948209700629975,0.8631294695608591,0.0566815455676988,0.16705593078584846,0.07595860185193287,0.162924692775439,0.11211790782712946,0.31806193806193805,0.15379529369354278,0.967232409865459,0.024574359147264066
grape,0.6338451829993627,0.05244645266443879,0.26933785045671504,0.08029744553777765,0.26748472143172075,0.0918659292361856,0.8562916183940417,0.05024754999000102,0.2236475938692059,0.0477372381012773,0.3152100840336134,0.12529119312544895,0.2852310924369748,0.12037355902191432,0.9824592735617506,0.02114132034558668
grapefruit,0.6749801444849907,0.10958833332079425,0.3352234558883611,0.15063082110908374,0.3397832053004467,0.1430957034181461,0.8902574998590073,0.047431024137223395,0.26007170407946517,0.10067175783676394,0.3408119658119658,0.10513059374675057,0.3601523476523476,0.21894803133314594,0.9898079413176338,0.005379299729613178
grassy,0.5434392354180436,0.04525907203479964,0.08659271321392584,0.0844876218355906,0.09186813186813184,0.08598024312908327,0.7450973959652264,0.07940756803632475,0.09897361201180913,0.05322385981570125,0.10645161290322576,0.08819799764646954,0.09827264239028943,0.09370214275735693,0.9886058284457977,0.011039606335124815
green,0.6899267012767101,0.013526504094445696,0.3947072702599451,0.022223243846535987,0.5581009262168682,0.024451493520678633,0.7867537064717632,0.016152125171618174,0.6253542027141388,0.030860163607431993,0.5949809931570367,0.02679812302848778,0.5278586158580412,0.04442596599793633,0.8519947866953791,0.024460851060173098
hawthorn,0.6475574612370998,0.09191970563253497,0.21805328172862137,0.1418236653798289,0.2048168498168498,0.1395528020849628,0.923993704297277,0.03815631870993228,0.18101381371435007,0.1485850568762916,0.19296442687747034,0.18863579942645814,0.30666666666666664,0.18767584347012328,0.9884482558075328,0.007782915117360996
hay,0.6133701495960728,0.03636265544691996,0.18460171450348412,0.057838020324634365,0.19165058086804643,0.057708868580983536,0.7988489084030921,0.0601029049709574,0.1407957470228647,0.08078915297112653,0.1685125246270757,0.07563243434932607,0.24647435897435893,0.07642399528007787,0.9802659402177867,0.008675316318097342
hazelnut,0.7326899498076151,0.08495084195280642,0.33474033721734436,0.05832905304631981,0.31996328350380276,0.056513868990623564,0.9412542175909774,0.03236343254611165,0.3769456981836912,0.06674834747335526,0.2621363636363636,0.06431725380349175,0.4805555555555555,0.1764927515736119,0.9848243440596749,0.008264921243428895
herbal,0.6376690717910781,0.029027604920079945,0.2716009688763122,0.04075534954985632,0.38096892784802383,0.04384499989868477,0.7563880525319436,0.012932970860139328,0.3660377902494553,0.02931660057221571,0.37879297697245773,0.03120090560201401,0.3918897670180733,0.08255726507695159,0.8834483765640829,0.034068117534974074
honey,0.6575121742983884,0.03294300162788613,0.2521326919172343,0.06286029521236852,0.2692805584898245,0.06614669550044601,0.8274878410473203,0.03612786231758148,0.2026649727037276,0.027828219300685197,0.23260646050738928,0.09127171277593775,0.36124999999999996,0.08041234876145166,0.9537743485967767,0.02666268553991019
hyacinth,0.597920821038304,0.10634814647702653,0.1572952289996317,0.12400608267530278,0.12694411283988674,0.10326914887022921,0.8905245027767128,0.010434640875778658,0.16421730010731833,0.0961134672608539,0.2725563909774436,0.41247300708103013,0.21292929292929288,0.22339155160396676,0.982912349147315,0.01281286365919612
jasmin,0.6322318093371603,0.019072300519712433,0.2680427075641779,0.03147371747343291,0.2811813186813187,0.030202605009401806,0.8644576992669825,0.03082589514552876,0.24263351523672663,0.054650995838860336,0.2905631868131868,0.05105761100609349,0.280021612001017,0.041356205419684405,0.9844420066733035,0.006981084302020346
juicy,0.6571950039637647,0.05988549927264878,0.14707132864952138,0.035255349955371905,0.12677555958862669,0.04325273563955917,0.8427516451124341,0.04782906615771638,0.08943700885459198,0.063309312093692,0.08351893249434231,0.037467439368804256,0.35504273504273504,0.1327672620925661,0.9593472728847944,0.015731619492926258
ketonic,0.7278591056272259,0.16130689745936974,0.42649267773544264,0.16073861653865,0.3849180298769745,0.15988893067276533,0.9445660645506997,0.052014804992435805,0.41426327264973145,0.15521024162310537,0.5194827586206896,0.34316170879466945,0.46276223776223774,0.3312438842918125,0.992955973492214,0.00962595261260678
lactonic,0.7004302865767885,0.1128643677812471,0.3448682277917495,0.1510097500819879,0.34782272325375774,0.13817643684454417,0.9078783094379526,0.04603681406264741,0.31072493683979535,0.10340595027938052,0.31117499631431517,0.1092437173747242,0.4124786324786324,0.22420026946875732,0.9883819406749446,0.0031091179432470675
lavender,0.5740885559268333,0.05727668588163722,0.1513279651292812,0.08815425412269774,0.14695970695970692,0.08570152686731472,0.8716774157866081,0.06435016514088043,0.13939507997745143,0.07326430851334549,0.1833333333333333,0.12360330811826103,0.15444444444444444,0.12033902725833162,0.9937326674092223,0.006105746200201554
leafy,0.6138652481312333,0.041671792407673644,0.16622697814630402,0.0371688814542257,0.18473606950140048,0.031111158963527317,0.7751400011260217,0.030609378407265655,0.1346151130757718,0.017909143520914918,0.14729993840007433,0.026643253236936008,0.2761339522546419,0.1046248735671895,0.9515965440078249,0.030066138364059334
leathery,0.6328957265748827,0.08409403698110994,0.22288487286120667,0.15613987605215027,0.2255400287318793,0.1546345711880367,0.8789839705505313,0.06109458784577308,0.17101175459647733,0.07064850234099775,0.19950343773873186,0.15740487416266374,0.27636752136752135,0.1703244520012365,0.9894239317822441,0.005433584946914208
lemon,0.7256526839192345,0.11312944804538964,0.32037392001511583,0.12219130043788654,0.31103721948549534,0.107368324556274,0.8829721092504194,0.045131977109355376,0.17582629136107672,0.11158137306072621,0.24494954557604914,0.06695356377606484,0.47555555555555556,0.232908425945785,0.9757498122829134,0.009520827446994787
lily,0.6902285513733737,0.13569415846212948,0.2575481266674503,0.13474826181810795,0.22581272995943785,0.10589312617335607,0.8971970623933452,0.0373595164971971,0.253105265221267,0.1467021614677285,0.24616947858390964,0.24334704728476683,0.41124326653738413,0.2865850899295625,0.9692138362093633,0.019805411803405833
malty,0.7456599583874244,0.1664799309959076,0.26303575014820507,0.19807498459687542,0.21810559006211178,0.2019228173288462,0.9436380219039172,0.04341876900417023,0.3896576265765801,0.32137525654231275,0.19315338383299546,0.24321589688960948,0.519047619047619,0.364371294024786,0.9722722977272298,0.03833593260343341
meaty,0.7789868784903745,0.05781064028212753,0.47029835341237564,0.048199080828419935,0.49448243352761895,0.04285832130897448,0.930029726932062,0.004195811023577389,0.4768568431768633,0.04493618034448249,0.42844862993604405,0.051178033266995174,0.6122252597047566,0.1305391902556774,0.9457484972759923,0.01812781369960947
medicinal,0.6384447911275645,0.04307431189544706,0.29415051921509655,0.06865144107031396,0.2976190476190476,0.07164869081455473,0.8975319472775525,0.019598727761099374,0.28294180594262197,0.0510896132901775,0.33290043290043286,0.08533191198850008,0.2858866623572506,0.08887891842342413,0.9910029198978785,0.005300268711201811
melon,0.6468823455275512,0.06159550988891853,0.25443579156536433,0.08084240609063287,0.2693420750981541,0.08102107319399182,0.8648289094518444,0.021008555961033536,0.21924809963272004,0.06706486899257778,0.24598497477754439,0.06163561247447938,0.3205590062111801,0.13159393253538737,0.9732056848439224,0.011634555533577817
metallic,0.5624716814360198,0.055228117102678796,0.08449520696534256,0.06569794701613764,0.10672719974680119,0.058724956466053566,0.7158739340951767,0.07397123039097807,0.09965853711449428,0.03814620127273812,0.08617589017589014,0.04117340614150269,0.1954822954822954,0.14986049842600457,0.929461067389744,0.0772287072982425
milky,0.5892370371757012,0.06599568521929568,0.20269406063635173,0.14497618398404688,0.20246812763830846,0.13700529178272433,0.8322449993710108,0.03384333321884832,0.19881927617896036,0.05597804850812863,0.26095238095238094,0.21045248735309965,0.18764705882352942,0.13817896223932327,0.990827015527873,0.008926482855834339
mint,0.6900025180572761,0.08352453112628208,0.3801621555308355,0.08363626630925092,0.39275196756393,0.09292492778743387,0.8748396764234325,0.008632894210651852,0.38689628079906113,0.07185088042764008,0.4334720353042435,0.08878886479931672,0.4074016763378466,0.1805165159754389,0.9726033597767054,0.014513788626590689
muguet,0.6096865379839604,0.1076356364764282,0.2241675232526225,0.16832368309168555,0.2095238095238095,0.1564921592871903,0.9244169562388178,0.0261015170766631,0.27436330035892353,0.11935877645805221,0.2893162393162393,0.24108208407427728,0.2281283422459893,0.2158155208578672,0.9912447337219314,0.006748018162593921
mushroom,0.666289628097122,0.04940655834298715,0.1800537756748985,0.0428876787426121,0.17162132455258006,0.037210717780962806,0.8276895769505341,0.04843838729918055,0.1312787577174838,0.026587562274730837,0.11510596799913786,0.03611048465308768,0.40180754917597017,0.1101650581470055,0.9307717070182736,0.030641016282975494
musk,0.7411116495002058,0.03660470015221288,0.5492005615739767,0.09386348510765102,0.5375115207373271,0.08654372972520605,0.9051276847373622,0.045479922394319174,0.5349717560482804,0.06125979461125869,0.6670238095238095,0.24275339170374835,0.49000000000000005,0.07820705524634405,0.9922232990004115,0.00958192758174063
musty,0.5774902961734909,0.04341549566626763,0.15736256796503784,0.05166896601745014,0.18143712258313274,0.057240214572503424,0.7615842099572606,0.03352821514632555,0.15897142294300645,0.0325500361341534,0.20580816714150046,0.049970471137679065,0.18815742397137744,0.10725574860374981,0.9668231683756042,0.02417190653324859
natural,0.5584699545674641,0.06004535693821895,0.06044653303523084,0.05597572195955758,0.0708359662653477,0.039009717978375914,0.7730648437272352,0.02367460925583519,0.0691255105738596,0.033906062332588575,0.0453085424133811,0.023118175849671168,0.1674465240641711,0.11991212886682964,0.949493385070757,0.011662437065453373
nutty,0.7119815238710514,0.02944453647510115,0.44033054829789775,0.08926229820217944,0.4760626761012303,0.07591289869107487,0.8402357080878232,0.020178480735220487,0.4539817405438213,0.09576315870985967,0.5064551588957096,0.14717338843137248,0.4641247014249238,0.059364308680704476,0.9598383463171789,0.021246536574006478
odorless,0.8824672089147448,0.03185628632479975,0.6861214659746147,0.03859427328012902,0.694036004402218,0.03858110534594518,0.9657858684049344,0.016943863354291246,0.7942445194591007,0.05184996725526008,0.6270187985890501,0.06076016806986825,0.7849999999999999,0.06754628043053147,0.9799344178294896,0.006287324403839019
oily,0.6606149887674284,0.0493510668621505,0.30949801754087514,0.07179537470321652,0.3619364135567415,0.06702050648411782,0.808095130456655,0.02481351813141165,0.341660943836537,0.06737135397660085,0.3540469353229443,0.05528589743494946,0.379194922118685,0.10542176224738113,0.9420350554161718,0.01226369425219716
onion,0.8145709061265748,0.05940774019766284,0.5130495483403077,0.02755436375057648,0.5160656135092417,0.026981523154923272,0.973733011766492,0.003425680579007295,0.6203815455911805,0.057326607842144016,0.441152714953454,0.07617858189521687,0.6631981915573247,0.13417482717162577,0.9659436206958251,0.017141731224722744
orange,0.6471519829915032,0.08575888915350234,0.24665924871749426,0.08330008448838197,0.24175324675324675,0.09283999932564066,0.8753681446346148,0.04190647733990055,0.21790412579954666,0.060866501210074454,0.25785569400173863,0.10340983011744609,0.3166069906223359,0.1866923261043975,0.9776969753606707,0.018154692980183216
orangeflower,0.670056367406098,0.15154137255057248,0.26096283578567364,0.20905180650462574,0.2533333333333333,0.19804601036683933,0.9351663771121563,0.036846444913377574,0.28316314451680025,0.21244334865265366,0.21153846153846154,0.14973472598459076,0.3476190476190476,0.30623250100406035,0.9924936871931482,0.005412711860863224
orris,0.6419356071564671,0.0830793466324144,0.22007253842255747,0.09284107345109734,0.2144994070722562,0.09261532492059756,0.8371737713994586,0.0847507447385237,0.19973389875647768,0.12555303230640424,0.1983500540206822,0.06607089693824966,0.300530303030303,0.17307240571989302,0.9833409112826311,0.011440529548572569
ozone,0.6681401554362243,0.07950492005299578,0.2391146895586908,0.0699315762783464,0.22693571874349905,0.06565413366000047,0.9233619373520128,0.017874668076153656,0.21046832558081344,0.10736282058252633,0.18968253968253962,0.06343747653457957,0.35079365079365077,0.17069489532938356,0.9854866600787977,0.014444334256421602
peach,0.6016563096009736,0.02910288271791619,0.25178762268444677,0.032238924834338344,0.24068649629939948,0.011063249365792498,0.859353946040921,0.026258895068671448,0.21979748930607812,0.041332764507116815,0.3658424908424908,0.16945121359631285,0.21392857142857138,0.06687308604504663,0.9893840477733757,0.009034376527064741
pear,0.7317318840184058,0.08372257961817867,0.31789017356420235,0.030544742558019256,0.31028926373753957,0.020451803844186482,0.9055480997507495,0.033916037855412556,0.2821171845389604,0.05718270421946004,0.24737283887564784,0.05493656327644667,0.5123333333333333,0.19934544810894436,0.9511304347034784,0.03289689641846855
phenolic,0.7364053423662453,0.042824111152023,0.4711422040692931,0.052595266578455396,0.48461349186971087,0.053790020127065435,0.9197396677759292,0.0324570763964356,0.48411441360147284,0.07565822232070668,0.49814948564928646,0.09507896675575109,0.492977262977263,0.09324721242429208,0.9798334217552277,0.010665217283326332
pine,0.6792236968835346,0.09739724613904598,0.28632077360613195,0.08121569453671475,0.26558349451966473,0.09587146628775128,0.9312632393903122,0.02756786483534259,0.27634072367007956,0.07771346198448491,0.29901676337846544,0.165227944559694,0.384224985540775,0.22220808576275375,0.974222408226294,0.029699869642210736
pineapple,0.6990368457861049,0.06830342020867863,0.37455553726975926,0.06175666216865824,0.3867330266651691,0.06238828891453455,0.9000242213316574,0.012633169597267608,0.3879441175015573,0.06311740758005827,0.4014328513805803,0.12321027796607346,0.4328587928587929,0.15753258180492966,0.9652148987134168,0.026480355830174673
plum,0.5774844443508707,0.0808353201670631,0.12582047715696978,0.10183326739908428,0.12606606606606607,0.08889152662266021,0.8356150915244746,0.05469760653812077,0.08772932419124328,0.04359353623760782,0.13181210813033198,0.12292582570496075,0.17239427239427235,0.17383126125681353,0.982574616307469,0.01489238731429495
popcorn,0.7456833402611188,0.11903644952086659,0.31017117051284904,0.10515208195393899,0.2834762244978963,0.08693744042913734,0.9715424483928521,0.009604021634321416,0.3651868085078977,0.16760226083604454,0.20822297679683074,0.04679845928982484,0.5057142857142857,0.24523578362294726,0.985652394807952,0.008351220651271394
potato,0.6676139656530654,0.056680452574812704,0.2540896568907739,0.05614445727835635,0.24719502719502717,0.055437456316303466,0.9434092750672933,0.02098784707677593,0.1766755247672278,0.060531835618853995,0.2171236171236171,0.10036475861805015,0.35232323232323226,0.11800124338092782,0.9829046989828985,0.009668497339900661
powdery,0.6832540301307597,0.05255970638396848,0.2841940150270822,0.054993819607111256,0.2995106202025498,0.058436364349670936,0.8503829632908781,0.03476746853182631,0.21386267453489965,0.06283635405328039,0.24866256348165336,0.05796412848080261,0.41330504291030595,0.12551607681455174,0.9532030173512132,0.024077436025850912
pungent,0.6858176319551937,0.032677999435924004,0.3117785169060614,0.045943136942305014,0.33737961173396436,0.043527652069415314,0.8707327366369133,0.030049843694851214,0.2849472277977627,0.10259993220541898,0.28813273001508294,0.04748414736251042,0.41473759445518105,0.06970606713638179,0.9568976694552062,0.009260714850664842
radish,0.6328283936370377,0.050503277661735756,0.32088604252479297,0.15545516818499405,0.3136973180076629,0.13974419559321063,0.9095753243157791,0.04611778887094499,0.2809139546250752,0.08698915134248494,0.414683257918552,0.26000444531292527,0.2723443223443223,0.0966222456639752,0.9933124649297529,0.0059482012061317065
raspberry,0.5423135506502101,0.07309164094082304,0.062149750222083175,0.12636748721868793,0.06766917293233082,0.12400317671030557,0.8188810648672471,0.07310533548329105,0.07989911557349919,0.06450513175597897,0.056153846153846144,0.10917929448020476,0.10303030303030303,0.15090787391501492,0.9815967982701173,0.02532724592326027
ripe,0.6740762811290064,0.0954043334744344,0.23857772166024466,0.10476973106853638,0.23700808353439928,0.0920538102588109,0.8446447899587245,0.02807289663942843,0.17896609693704857,0.0488097592198085,0.18009356235162682,0.06546518424681873,0.37776610644257697,0.20029887304149063,0.9703864558154358,0.013562797059210315
roasted,0.7610808255180628,0.05397987304353597,0.47530432187441685,0.045662269056959616,0.5006483409173849,0.041727415417969684,0.9310498468860633,0.008755181085553596,0.5018095308051798,0.06083386198696102,0.4725169153273142,0.09064123014869305,0.5662291988334192,0.12168464497736675,0.9559324522027064,0.018378272661892445
rose,0.6887095157814611,0.03888651099632214,0.3120839630675223,0.048067680563604324,0.35678990436755487,0.04332821909116188,0.8506073144586225,0.009856675085917128,0.28131920276922256,0.05845406290983634,0.30244149441876156,0.059601114779313284,0.4577369983619984,0.10441516659397954,0.919682033200924,0.0354073716593945
rummy,0.6220646419941174,0.054020164188908176,0.2437124228336187,0.10346156957207656,0.24175824175824173,0.11367370544672899,0.8513286787092292,0.03425421009684277,0.24352926384782353,0.09724968279482084,0.29222222222222227,0.14474328061761835,0.26428571428571423,0.11897616903475228,0.9798435697025205,0.025059879775283452
sandalwood,0.8356154500804036,0.06840223705333535,0.525032240585295,0.18284159769202304,0.5104132393262828,0.19960956782713102,0.9595760556262697,0.036071812299635464,0.4340345142757377,0.20692187065939854,0.4250930356193514,0.18854655278452248,0.6795238095238095,0.13075309511474734,0.9917070906369976,0.006442881755556138
savory,0.6669745759055947,0.041442380453274794,0.2679955579679603,0.06941821336843466,0.28347985347985344,0.06705027899511183,0.9077656430492489,0.013750180562482775,0.22264523739572867,0.05890759240654748,0.23309562241450785,0.06082806744370111,0.36646153846153845,0.08200447382802142,0.9674876133496507,0.007392575379770674
sharp,0.5819212251639704,0.036183304845653776,0.16912741797284916,0.06285524610525786,0.18264861500155613,0.06706368119148658,0.7974556339976762,0.07670036284639282,0.18692272056331596,0.047899966101788836,0.19626934984520122,0.05604207981682721,0.17982957393483703,0.07845082020049704,0.9840128763931038,0.00976996342566786
smoky,0.6738708175938262,0.05786759760829784,0.4124631040730895,0.10010286122473608,0.40266575529733417,0.09646312162893952,0.9369473443183528,0.033013710037011354,0.42143992396049057,0.13264054602683986,0.521786283891547,0.1782110427030158,0.3532466063348416,0.11797733888214089,0.9944950288528107,0.0038464543053388493
soapy,0.5510206615722307,0.07985539947718757,0.07336009740573374,0.10174453566600493,0.07497076023391812,0.09226283745584891,0.8596002653846277,0.07978580235946639,0.07713764322312948,0.03532412444861394,0.070999115826702,0.08281169185606838,0.11650793650793649,0.1655122529316073,0.985533386636525,0.011054150701909928
solvent,0.6947717524130045,0.09087147473716722,0.32627952002761357,0.0990101477045497,0.3245756086445798,0.08880354150238974,0.9359345314219789,0.01787021089368557,0.2508972802832542,0.06659097709798431,0.29086956521739127,0.07433384053559498,0.40093240093240096,0.18546489345673756,0.9886111038936081,0.004278451635405043
sour,0.6711579106546265,0.06958856656577611,0.4114319700414434,0.11564167711784526,0.39034331681390505,0.13335264492551235,0.8378829053510147,0.040999463505730464,0.33782993682702755,0.11361925279678485,0.5537728937728937,0.18768817568718962,0.34861021331609565,0.1431613056248046,0.9937056079931572,0.007866140593665255
spicy,0.6592379909853994,0.046691882573811426,0.2963573286808198,0.051729648750585056,0.36090216142861237,0.05349909189971989,0.8021933575515128,0.024140430941880234,0.33219214244316425,0.0582368920986848,0.3428883765273632,0.021864724179429498,0.39689107059373535,0.1141494608754726,0.9215849113770632,0.022312649350449906
strawberry,0.6033731515436951,0.10892771507469692,0.13239475627044514,0.130026377577722,0.12478260869565216,0.11714547529398031,0.8641773693488368,0.020494929177025424,0.12826755943677484,0.05262305588070337,0.10486215538847117,0.11780323115835489,0.22444444444444445,0.2277642272392145,0.9823018586429457,0.014342650687564537
sulfurous,0.903910095614348,0.04060378805201876,0.7095445057210329,0.024684636292949792,0.7262869415893849,0.01715663286359953,0.9755694559960499,0.005662201954418661,0.7167490099227931,0.040787872751827936,0.639102518638601,0.03618863496752282,0.8507926829268293,0.09173805311673568,0.9570275083018668,0.01128885757618638
sweaty,0.5874429512014511,0.12295472789323475,0.18677587841409576,0.19187833373783825,0.17277310924369746,0.18012777048416903,0.8223070552402835,0.060644561442371604,0.17637716261827063,0.14604990439070517,0.24666666666666667,0.2328566559543064,0.17833333333333332,0.2471785229792876,0.9965525690695689,0.0018715659010740612
sweet,0.6452650384866256,0.013177707265740553,0.3085851427910337,0.01695981136532467,0.48541732869400783,0.028603495774562133,0.7383649820672515,0.011013389430634554,0.5333108474730551,0.017844712982302755,0.5367536471147166,0.041330780854940845,0.45080913845646975,0.06698531470948761,0.8397209385167814,0.04497060600604653
tea,0.511000208875767,0.021827713260926182,0.008409410122216179,0.024748351731671996,0.01870129870129868,0.02664079252978301,0.7122413681180241,0.07394538097201277,0.028818930973536362,0.007500385705774873,0.01168831168831168,0.016650495331114387,0.046753246753246734,0.06660198132445755,0.9752471709982873,0.023542613799277877
terpenic,0.7552189499600068,0.10203880468357975,0.35317628195777834,0.10944836420244028,0.3237254901960784,0.1073482405632177,0.9626565861770894,0.027248415330301753,0.4098693226647526,0.1470105348516139,0.2883636363636364,0.21317762912900876,0.5266666666666666,0.20869967789998037,0.983771233253347,0.008362821777381768
tobacco,0.5721747524397109,0.06422735741439801,0.10914469314158629,0.08296450392170197,0.11995665413987029,0.07950877819292894,0.8400367185182102,0.03864431961087352,0.10341008742030892,0.03344573293712872,0.11223290598290592,0.06541089421068234,0.17761071476645576,0.13867298705081585,0.9667387901129662,0.020531205167217726
tomato,0.6507056997195765,0.11735465402278773,0.20253922539060384,0.13297229312969794,0.18416117398333537,0.12516183500015446,0.8820370405988553,0.0796814088069038,0.19860015688149701,0.13276593884420765,0.17232675183894694,0.16000679778043986,0.3187301587301587,0.24749030026980695,0.9826812407089941,0.01566892518730081
tropical,0.7130911451520479,0.03508188706282053,0.33749888679941564,0.034017247562034,0.3880880518332248,0.026309014958434518,0.8189383765634599,0.022808776146502067,0.34181731143299654,0.020160331822829895,0.3105967806110236,0.010209230755498446,0.5237791472351765,0.0851853956765638,0.9024031430689192,0.01593888482189304
vanilla,0.7503960975637106,0.08261660364604317,0.4760494994659374,0.10576329755169626,0.47904837900447017,0.10450733831967249,0.9370917390843175,0.02921461527657515,0.5497738101593189,0.15146064669307177,0.4795175545175545,0.12611252830874373,0.5147705627705628,0.16844910260012808,0.9860216323568587,0.006410808913215083
vegetable,0.6945452835180852,0.030260465559508034,0.2981277365528937,0.04409403887158297,0.33499889585766385,0.04302213566825751,0.8493078385274178,0.05141404038996863,0.30890711193290343,0.055396773938369545,0.2649687835479742,0.05016429563717019,0.4726955832011355,0.07311947751751478,0.9163949838350348,0.024241237146729485
vetiver,0.6019116218422278,0.09483673400877629,0.14458098743724973,0.10594745402833707,0.12764196587725998,0.09144759615120666,0.9105083598696128,0.059460579848620784,0.13635211365444824,0.07937817289230772,0.15865079365079365,0.19709490956431444,0.22261904761904758,0.21484714811268543,0.9812041960654078,0.027117099600470672
violet,0.7345195531273461,0.06776072449685194,0.3160072121894141,0.12600243276832473,0.2999897452305067,0.13826833103952763,0.8991417653770354,0.04824679215785079,0.2561012540383338,0.10577721432134705,0.23338413333972663,0.14270379750199128,0.4962393162393163,0.13944150416916307,0.972799790015376,0.015181823982645231
warm,0.5756770821760812,0.052081240901541294,0.09072573931241909,0.04921554781070225,0.10189477643362235,0.03882507614384896,0.7453019304892659,0.04146991876524379,0.0717994687470643,0.023528355651372734,0.07542351189140797,0.03303453340113569,0.20336475119083808,0.13194485952670462,0.9479894131613241,0.0385229364847619
waxy,0.7556021542380257,0.030599495521547043,0.45585017991567617,0.04641670688724845,0.5106375615980905,0.04154330230716028,0.8924332624827066,0.018711763974743664,0.4556024625217646,0.03360044259669652,0.45370801734533694,0.044677882695289974,0.5897319587628866,0.0697444433945757,0.9214723497131647,0.020033961486145554
weedy,0.5404577875665009,0.06531018595420808,0.02975395268056958,0.057575726644071824,0.0287600356824264,0.04466265417518833,0.6802042336532246,0.07219362586627512,0.03192510063637558,0.020331927414672234,0.01665116279069766,0.026241792865711794,0.11111111111111112,0.15713484026367722,0.9698044640218907,0.0352426510850059
winey,0.6885459826603013,0.08028280184090739,0.33451463345504817,0.07030174764355736,0.35094157074452637,0.06922727981895668,0.8931323853858194,0.0036696458638992287,0.3018198341648417,0.03732318279527576,0.3442709255745309,0.08237692455047144,0.4174562962264051,0.18464952833264964,0.9596356690941974,0.025444784563856036
woody,0.7466398684896258,0.022878092697011035,0.48441077657836773,0.03190805456801564,0.5535238404349447,0.02927606191839583,0.8634467143214886,0.007143774457425705,0.5818096660887683,0.02936772765690776,0.5466338977829823,0.06317421917976257,0.5714980630088737,0.06643685978854251,0.921781673970378,0.02880864101878341
