label,n_folds_evaluated,support_mean,TP_mean,TP_std,TN_mean,TN_std,FP_mean,FP_std,FN_mean,FN_std,Bal_Acc_mean,Bal_Acc_std,MCC_mean,MCC_std,F1_mean,F1_std,ROC_AUC_mean,ROC_AUC_std,PR_AUC_mean,PR_AUC_std,Precision_mean,Precision_std,Sensitivity_mean,Sensitivity_std,Specificity_mean,Specificity_std
fruity,5,380.2,275.2,12.6396,488.4,20.6746,126.6,24.9528,105.0,15.0599,0.7593,0.0104,0.515,0.022,0.7039,0.0135,0.8465,0.0074,0.7886,0.0196,0.6877,0.0336,0.7241,0.0376,0.7945,0.0384
odorless,5,40.0,29.0,2.9665,943.4,9.2434,11.8,6.2097,11.0,2.9665,0.8563,0.0349,0.7117,0.037,0.719,0.0371,0.9261,0.0342,0.7722,0.0474,0.7299,0.0939,0.725,0.0742,0.9877,0.0064
sulfurous,5,80.4,70.0,2.2804,876.2,11.7712,38.6,7.7356,10.4,2.498,0.9143,0.0128,0.7255,0.0221,0.7415,0.0229,0.9764,0.003,0.746,0.0256,0.6481,0.0428,0.8707,0.0305,0.9578,0.0085
green,5,289.0,201.8,23.8613,491.4,60.8658,214.8,68.8285,87.2,26.1182,0.698,0.0156,0.3706,0.0317,0.5728,0.0219,0.7766,0.0129,0.603,0.0342,0.4934,0.0463,0.699,0.0889,0.6969,0.0927
onion,5,35.4,20.4,1.8547,942.4,10.632,17.4,2.8705,15.0,3.4059,0.7808,0.0397,0.5429,0.0634,0.5586,0.06,0.971,0.009,0.6,0.0733,0.5417,0.0572,0.5798,0.078,0.9819,0.003
floral,5,219.8,150.0,10.5641,651.6,20.6746,123.8,21.4793,69.8,13.7317,0.7619,0.0187,0.4876,0.0233,0.6075,0.0177,0.8476,0.0147,0.5947,0.0324,0.551,0.0316,0.6833,0.057,0.8405,0.0269
woody,5,135.0,81.6,8.8227,782.8,17.837,77.4,27.427,53.4,8.6163,0.7574,0.019,0.4867,0.0251,0.5563,0.021,0.8612,0.0137,0.5873,0.0357,0.5277,0.0663,0.6043,0.0642,0.9104,0.0308
garlic,5,24.0,14.8,3.3106,954.0,12.775,17.2,5.0359,9.2,3.544,0.8002,0.0719,0.5214,0.0987,0.5258,0.0933,0.9741,0.0128,0.5594,0.1359,0.4678,0.0917,0.6182,0.1459,0.9823,0.0053
fatty,5,119.4,67.0,8.0747,822.4,16.0449,53.4,7.9398,52.4,7.8128,0.75,0.0312,0.498,0.0473,0.5573,0.0451,0.8509,0.0144,0.5421,0.0612,0.5569,0.0333,0.561,0.0661,0.939,0.0094
sweet,5,285.2,190.6,19.0431,477.6,41.8167,232.4,47.3819,94.6,18.1395,0.6707,0.0146,0.3151,0.0287,0.5382,0.0183,0.7361,0.0145,0.5273,0.0273,0.4549,0.0322,0.6681,0.0646,0.6732,0.0643
ethereal,5,57.4,31.0,3.5214,902.4,13.5292,35.4,10.6696,26.4,4.8,0.752,0.0343,0.4735,0.0561,0.5022,0.0521,0.9039,0.0266,0.5226,0.0831,0.4774,0.0766,0.5417,0.0727,0.9623,0.0113
alcoholic,5,21.0,11.6,3.2,951.0,24.1578,23.2,29.5797,9.4,3.0067,0.7637,0.068,0.4819,0.115,0.4734,0.1312,0.9105,0.0431,0.5021,0.136,0.4901,0.1789,0.551,0.1481,0.9764,0.0299
roasted,5,61.0,41.0,9.8184,872.2,26.1258,62.0,22.4321,20.0,9.8387,0.8033,0.0689,0.4796,0.0501,0.4942,0.0466,0.9306,0.0154,0.4965,0.0675,0.4124,0.0526,0.6731,0.1596,0.9336,0.024
vanilla,5,22.2,11.2,1.7205,959.0,8.0,14.0,11.0995,11.0,1.7889,0.7452,0.0349,0.4814,0.048,0.4844,0.0554,0.934,0.0157,0.4892,0.0243,0.5007,0.1162,0.5047,0.0792,0.9857,0.0112
phenolic,5,35.8,15.4,4.8,947.0,10.0399,12.4,6.1838,20.4,5.004,0.709,0.0669,0.4716,0.0779,0.4752,0.0795,0.9302,0.032,0.4795,0.0742,0.5696,0.0846,0.4309,0.1388,0.9871,0.0063
meaty,5,59.8,36.4,7.8128,889.6,15.7937,45.8,11.0707,23.4,7.2277,0.7793,0.056,0.4818,0.0503,0.5078,0.0402,0.9231,0.0146,0.4751,0.0218,0.4453,0.0244,0.6075,0.1235,0.951,0.012
waxy,5,97.4,58.2,14.552,826.8,42.8084,71.0,37.1484,39.2,13.8188,0.7586,0.0513,0.4656,0.0284,0.5118,0.0214,0.8889,0.0086,0.4685,0.0316,0.4722,0.0586,0.5965,0.1435,0.9207,0.0423
apple,5,61.6,26.0,6.8118,907.0,16.565,26.6,12.6111,35.6,8.4522,0.6984,0.054,0.4281,0.0532,0.4492,0.0597,0.9122,0.0181,0.4661,0.042,0.5152,0.072,0.4252,0.1195,0.9715,0.0135
nutty,5,73.2,28.0,5.6569,896.6,21.6758,25.4,12.6902,45.2,4.6648,0.6769,0.0305,0.42,0.0361,0.4389,0.0424,0.8348,0.0083,0.4483,0.0185,0.5666,0.137,0.3815,0.0719,0.9723,0.0139
musk,5,19.6,10.6,1.6248,947.2,11.4612,28.4,20.1057,9.0,1.4142,0.7555,0.0309,0.4018,0.0781,0.3944,0.0951,0.8609,0.0392,0.4387,0.0397,0.3485,0.1444,0.54,0.0768,0.9711,0.0203
caramellic,5,46.8,19.2,5.6356,923.6,16.0698,24.8,14.7838,27.6,5.3516,0.6917,0.0515,0.4038,0.0468,0.4167,0.0588,0.886,0.0199,0.4325,0.0611,0.4776,0.0977,0.4095,0.1163,0.9739,0.0155
alliaceous,5,25.2,15.6,2.4166,936.4,17.5795,33.6,10.5565,9.6,3.2619,0.7946,0.048,0.4297,0.0176,0.4217,0.0211,0.962,0.0102,0.4134,0.0523,0.3322,0.0603,0.6238,0.1058,0.9653,0.0109
coconut,5,18.2,6.2,4.02,965.6,21.5462,11.4,16.9304,12.0,5.1381,0.6718,0.1185,0.3746,0.0946,0.3302,0.1156,0.8855,0.0479,0.3904,0.1148,0.5431,0.1858,0.3553,0.253,0.9883,0.0175
citrus,5,75.6,36.6,6.4684,861.8,13.5558,57.8,11.3912,39.0,6.4498,0.7106,0.0391,0.3802,0.0557,0.4279,0.0534,0.8583,0.0166,0.3858,0.043,0.3882,0.0432,0.484,0.0853,0.9372,0.012
camphoreous,5,26.2,10.6,3.2619,946.4,22.9486,22.6,15.028,15.6,2.9394,0.6898,0.0551,0.3502,0.0932,0.3615,0.095,0.9122,0.0323,0.3856,0.1036,0.3503,0.1055,0.403,0.1177,0.9766,0.0158
pineapple,5,41.0,13.8,3.544,937.6,12.9861,16.6,7.7097,27.2,4.7917,0.66,0.0429,0.371,0.0774,0.3821,0.0789,0.881,0.0222,0.3645,0.086,0.4697,0.1054,0.3374,0.0896,0.9826,0.0081
balsamic,5,59.4,26.0,7.1554,874.8,34.6433,61.0,25.5108,33.4,7.0597,0.686,0.0466,0.3167,0.0272,0.3507,0.0272,0.8604,0.0197,0.3434,0.0568,0.3176,0.0535,0.4375,0.1197,0.9346,0.0277
banana,5,25.6,11.4,1.3565,945.4,12.4354,24.2,7.2498,14.2,2.2271,0.711,0.025,0.3634,0.0478,0.3748,0.049,0.9136,0.0199,0.3422,0.0717,0.3333,0.078,0.447,0.0527,0.975,0.0075
rose,5,66.2,28.4,9.7283,862.8,51.078,66.2,41.2572,37.8,9.988,0.6789,0.0521,0.3154,0.0242,0.3498,0.0283,0.8477,0.0161,0.333,0.0408,0.3381,0.0724,0.4296,0.1483,0.9283,0.0453
herbal,5,150.8,90.4,13.47,623.4,52.267,221.0,47.4426,60.4,9.3509,0.6678,0.0262,0.2625,0.0407,0.3917,0.0273,0.74,0.0326,0.3285,0.0348,0.2939,0.0267,0.5976,0.071,0.738,0.0572
tropical,5,77.2,34.2,4.4452,835.0,25.1396,83.0,19.6469,43.0,6.0663,0.6769,0.022,0.2948,0.0148,0.3517,0.0125,0.7876,0.0181,0.3239,0.0536,0.2968,0.0277,0.4442,0.0636,0.9095,0.0216
oily,5,77.6,38.0,11.0091,795.2,44.4675,122.4,47.4409,39.6,15.6793,0.6833,0.0604,0.2642,0.0542,0.3136,0.0459,0.7974,0.0206,0.302,0.0394,0.2425,0.0221,0.4999,0.1673,0.8668,0.0505
vegetable,5,57.4,31.6,8.0399,829.0,34.0059,108.8,26.9696,25.8,7.6,0.7166,0.0511,0.2894,0.0425,0.316,0.0258,0.8514,0.0278,0.2965,0.0599,0.2247,0.0128,0.5493,0.1299,0.8838,0.0298
pine,5,15.2,8.8,1.4697,943.2,12.6396,36.8,22.2117,6.4,3.1369,0.7795,0.0688,0.3437,0.0449,0.3149,0.0728,0.9264,0.0348,0.2893,0.0805,0.2379,0.0929,0.5963,0.1585,0.9627,0.0222
spicy,5,92.6,35.8,10.5338,812.4,42.4622,90.2,34.7759,56.8,10.1469,0.6429,0.0405,0.2515,0.0499,0.3201,0.0583,0.7817,0.0103,0.2874,0.0212,0.2934,0.0443,0.3861,0.1135,0.8997,0.0391
cognac,5,22.4,10.2,2.0396,941.6,19.1478,31.2,13.4373,12.2,1.4697,0.7106,0.0278,0.325,0.0451,0.3274,0.05,0.9285,0.0163,0.2866,0.0346,0.2743,0.0924,0.4534,0.0678,0.9679,0.0139
cucumber,5,9.2,3.2,2.2271,971.6,12.6902,14.4,14.7729,6.0,3.6332,0.6884,0.1396,0.2852,0.1614,0.2459,0.1526,0.9235,0.0306,0.2803,0.154,0.3118,0.2561,0.3914,0.292,0.9855,0.0149
aldehydic,5,28.6,9.0,2.6077,941.4,13.3056,25.2,9.9479,19.6,3.7736,0.6464,0.0528,0.2763,0.099,0.2942,0.0944,0.8677,0.0454,0.279,0.081,0.2885,0.1104,0.3189,0.1031,0.9739,0.0103
fermented,5,29.4,11.8,4.7074,906.6,54.9567,59.2,62.5377,17.6,5.9532,0.6732,0.0527,0.2744,0.0574,0.2716,0.0709,0.8598,0.0264,0.2736,0.0786,0.2797,0.1419,0.4073,0.1572,0.9392,0.0639
melon,5,26.4,10.6,3.6661,905.2,42.5695,63.6,48.0858,15.8,3.6,0.6679,0.0531,0.2233,0.0602,0.2264,0.0657,0.8295,0.0329,0.268,0.0514,0.1795,0.0625,0.4011,0.1391,0.9347,0.0489
mint,5,44.8,15.6,3.9294,914.2,19.3122,36.2,13.4373,29.2,5.5642,0.6568,0.0419,0.2918,0.046,0.3187,0.0518,0.8434,0.0285,0.2653,0.0796,0.3113,0.0401,0.3517,0.0954,0.9619,0.0143
fresh,5,105.8,62.8,8.1339,674.0,50.5134,215.4,43.394,43.0,7.6942,0.6754,0.0186,0.2435,0.0286,0.3282,0.0248,0.7481,0.0162,0.2562,0.0271,0.2293,0.0277,0.5934,0.0712,0.7574,0.0505
hazelnut,5,10.4,4.8,2.1354,966.2,14.6068,18.6,4.7582,5.6,1.4967,0.7121,0.0827,0.2811,0.102,0.2667,0.097,0.9313,0.0345,0.2543,0.0605,0.1966,0.0794,0.4431,0.1695,0.9811,0.005
amber,5,20.2,8.2,2.4819,950.0,14.2408,25.0,8.2219,12.0,3.5214,0.6927,0.0534,0.3004,0.0553,0.3059,0.0481,0.8854,0.0126,0.2506,0.0676,0.2513,0.0432,0.4111,0.1115,0.9743,0.0085
pear,5,26.0,11.0,4.7329,931.0,23.1948,38.2,17.5545,15.0,3.8987,0.6889,0.0741,0.2772,0.0547,0.2797,0.0444,0.8931,0.0261,0.2414,0.038,0.2321,0.028,0.4172,0.1659,0.9605,0.0181
honey,5,31.4,9.8,2.9933,931.4,31.7906,32.4,28.2531,21.6,2.5768,0.6386,0.0343,0.2778,0.0783,0.2828,0.0689,0.8297,0.0162,0.2393,0.0882,0.3369,0.1741,0.3109,0.091,0.9663,0.0295
smoky,5,14.4,5.2,1.6,960.8,13.9485,20.0,15.4402,9.2,3.9699,0.6857,0.0876,0.2861,0.1082,0.281,0.1109,0.9145,0.0345,0.237,0.0845,0.2508,0.1032,0.3917,0.184,0.9797,0.0154
coffee,5,22.0,11.2,3.9699,928.2,31.5873,45.0,22.9347,10.8,3.9699,0.7314,0.0788,0.2998,0.0386,0.2825,0.0335,0.9222,0.0098,0.2305,0.043,0.2261,0.0587,0.5092,0.18,0.9536,0.0239
winey,5,44.2,26.6,8.015,830.8,58.9047,120.2,65.597,17.6,9.3936,0.7413,0.0744,0.2869,0.06,0.2858,0.05,0.8727,0.0236,0.2291,0.0494,0.1973,0.0399,0.6084,0.197,0.8741,0.0676
lactonic,5,13.4,3.4,1.4967,973.0,17.6068,8.8,8.9084,10.0,4.1952,0.6382,0.0985,0.3113,0.2015,0.3082,0.2012,0.8334,0.0963,0.2282,0.2084,0.3812,0.2193,0.2854,0.1949,0.991,0.0092
cheesy,5,37.4,14.0,9.5289,890.4,76.0805,67.4,81.9502,23.4,9.1345,0.651,0.0885,0.2374,0.0941,0.245,0.0915,0.854,0.024,0.2255,0.0513,0.243,0.1127,0.3718,0.2462,0.9302,0.0845
savory,5,25.6,12.8,6.6753,912.4,32.4752,57.2,34.4523,12.8,7.0824,0.7227,0.1187,0.2654,0.1067,0.2521,0.0877,0.8684,0.0489,0.2238,0.0573,0.1803,0.0562,0.5043,0.2695,0.9411,0.0352
dairy,5,24.6,5.4,2.7276,960.2,13.8188,10.4,6.8293,19.2,3.3106,0.6053,0.0527,0.2587,0.0544,0.2529,0.0703,0.8288,0.0583,0.2238,0.0635,0.3686,0.0677,0.2214,0.1125,0.9893,0.0071
buttery,5,27.8,10.0,7.0711,907.0,87.8635,60.4,81.6838,17.8,6.7646,0.6462,0.0833,0.2301,0.0659,0.2293,0.0677,0.8437,0.0534,0.2208,0.078,0.2415,0.1229,0.3554,0.2469,0.937,0.0857
anisic,5,17.4,6.2,2.3152,959.2,11.3561,18.6,7.2,11.2,1.1662,0.6638,0.0454,0.2786,0.069,0.2866,0.0683,0.8321,0.0396,0.2126,0.052,0.2534,0.0741,0.3465,0.0956,0.981,0.0073
rummy,5,17.8,9.0,3.3466,923.2,23.8277,54.2,24.5063,8.8,2.0396,0.7191,0.072,0.2558,0.0975,0.2363,0.1011,0.8658,0.027,0.2115,0.0872,0.1722,0.1093,0.4937,0.1565,0.9446,0.0248
creamy,5,38.0,6.8,3.2496,937.2,19.8333,20.0,16.9706,31.2,5.2688,0.5815,0.0407,0.2054,0.0341,0.2005,0.034,0.7308,0.0276,0.2102,0.0257,0.3466,0.1724,0.1839,0.0989,0.9791,0.0179
pungent,5,39.6,20.0,6.229,835.6,77.2311,120.0,75.1425,19.6,7.6577,0.6928,0.051,0.2284,0.0256,0.2348,0.0329,0.8315,0.0235,0.2075,0.0431,0.1666,0.0474,0.5112,0.1749,0.8743,0.0797
cinnamon,5,13.2,4.8,3.3106,943.4,32.4998,38.6,29.6688,8.4,3.2619,0.6618,0.1082,0.1661,0.0898,0.1448,0.0758,0.9155,0.0219,0.2032,0.0469,0.1026,0.0642,0.3629,0.2462,0.9607,0.0305
medicinal,5,14.0,4.8,3.1241,960.4,23.8881,20.8,17.7246,9.2,2.3152,0.6548,0.0957,0.2401,0.1296,0.2335,0.1246,0.8777,0.0318,0.2018,0.0761,0.2203,0.1452,0.3309,0.2055,0.9787,0.0183
popcorn,5,7.2,1.6,1.8547,971.8,19.974,16.2,13.5706,5.6,1.4967,0.5971,0.1116,0.1282,0.112,0.0908,0.0935,0.9555,0.0162,0.1998,0.085,0.0598,0.0618,0.2107,0.2327,0.9835,0.0138
cedar,5,9.8,2.8,0.7483,971.2,14.1053,14.2,5.671,7.0,1.7889,0.6384,0.0382,0.2133,0.0414,0.211,0.0404,0.9327,0.0304,0.1994,0.0735,0.1816,0.0666,0.2912,0.0807,0.9856,0.0059
milky,5,17.2,5.6,2.5768,942.0,36.4911,36.0,27.1219,11.6,1.7436,0.6398,0.0539,0.2327,0.1067,0.2064,0.0645,0.7545,0.0506,0.1989,0.0558,0.3032,0.349,0.3167,0.1307,0.9629,0.028
orange,5,19.6,9.6,3.0725,915.8,26.6188,59.8,20.5465,10.0,2.0976,0.7111,0.0552,0.2331,0.0479,0.2162,0.0369,0.8658,0.0325,0.1971,0.0668,0.141,0.0253,0.4836,0.1246,0.9386,0.0215
coumarinic,5,12.0,3.2,2.3152,958.8,22.9295,24.4,19.4381,8.8,4.9558,0.6497,0.1207,0.1558,0.0991,0.1332,0.08,0.9011,0.0537,0.1955,0.1215,0.1037,0.0571,0.3242,0.2609,0.9752,0.0198
burnt,5,37.2,13.4,3.2619,898.8,19.1353,59.2,18.8404,23.8,4.4,0.6503,0.0391,0.2184,0.0324,0.2421,0.0268,0.8577,0.0136,0.1857,0.0124,0.1875,0.0205,0.3624,0.0947,0.9383,0.0193
cocoa,5,23.6,6.2,1.9391,941.4,21.8229,30.2,25.4039,17.4,2.8,0.6175,0.0447,0.2316,0.1187,0.2334,0.097,0.8101,0.0289,0.1855,0.082,0.2851,0.2386,0.2659,0.0897,0.9691,0.0258
peach,5,19.0,4.8,1.833,940.2,31.1731,36.0,28.5096,14.2,2.9257,0.6101,0.0396,0.198,0.0862,0.1751,0.037,0.7908,0.06,0.1818,0.0599,0.3,0.3523,0.257,0.1056,0.9631,0.0293
malty,5,6.6,0.0,0.0,988.6,11.9766,0.0,0.0,6.6,2.4166,0.5,0.0,,,0.0,0.0,0.8583,0.0675,0.1811,0.1257,0.0,0.0,0.0,0.0,1.0,0.0
earthy,5,65.4,18.2,6.9397,840.4,56.6166,89.4,55.4566,47.2,9.152,0.5927,0.0296,0.1562,0.0285,0.21,0.0215,0.7032,0.0147,0.1787,0.0234,0.1946,0.057,0.2815,0.1153,0.9039,0.0602
hawthorn,5,6.8,2.2,2.6382,980.4,19.7747,8.0,10.8259,4.6,1.9596,0.6277,0.1473,0.3232,0.1574,0.1716,0.1895,0.9055,0.0443,0.176,0.1596,0.1971,0.208,0.2635,0.3013,0.9918,0.0111
cherry,5,16.4,4.2,3.6551,952.2,17.5203,26.6,23.5932,12.2,4.5343,0.6201,0.1067,0.1883,0.0789,0.1545,0.0595,0.8708,0.0518,0.1643,0.0867,0.3102,0.3463,0.2673,0.2341,0.973,0.0239
powdery,5,33.4,11.2,5.3814,888.8,71.2303,73.0,77.0947,22.2,4.1183,0.6268,0.0579,0.2054,0.074,0.2165,0.0798,0.8161,0.0392,0.1643,0.0547,0.2244,0.1039,0.3289,0.1428,0.9246,0.0787
almond,5,17.4,4.0,3.1623,949.4,34.2964,28.4,29.2479,13.4,3.4409,0.6006,0.0758,0.1738,0.1048,0.1712,0.0901,0.8585,0.0408,0.1581,0.0897,0.2031,0.1701,0.2304,0.1757,0.9708,0.0303
cooked,5,17.4,6.8,5.2688,915.6,49.6008,62.2,43.8242,10.6,5.6071,0.6659,0.1314,0.1425,0.1038,0.1172,0.0731,0.8325,0.0353,0.1567,0.082,0.0733,0.0397,0.3957,0.3077,0.9362,0.0451
fishy,5,15.6,5.2,2.1354,937.2,17.4516,42.4,16.6084,10.4,2.0591,0.6446,0.0655,0.1794,0.0812,0.1761,0.0738,0.8222,0.0749,0.1512,0.082,0.129,0.0684,0.3325,0.1315,0.9568,0.0168
lemon,5,16.2,5.2,3.3705,935.6,37.5851,43.4,34.5288,11.0,4.5607,0.6441,0.0961,0.1955,0.0598,0.1644,0.0399,0.868,0.044,0.1458,0.0751,0.2353,0.2253,0.3327,0.2247,0.9556,0.0355
ketonic,5,9.6,0.8,1.1662,982.8,12.7028,2.8,4.2615,8.8,1.6,0.5377,0.056,0.1949,0.0498,0.0767,0.1009,0.8959,0.0679,0.1431,0.0586,0.0929,0.1143,0.0782,0.1164,0.9972,0.0043
tomato,5,7.4,0.8,1.1662,978.0,11.1714,9.8,12.1062,6.6,3.1369,0.5701,0.0948,0.1608,0.0755,0.0512,0.0752,0.8784,0.0602,0.1412,0.0647,0.0311,0.0465,0.15,0.2,0.9902,0.0121
potato,5,11.2,4.0,2.4495,952.2,24.3426,31.8,26.4832,7.2,4.3543,0.6775,0.1086,0.1943,0.0778,0.1716,0.0714,0.9218,0.0169,0.1365,0.0531,0.1328,0.0673,0.3872,0.2423,0.9678,0.0268
mushroom,5,19.8,5.6,3.4986,919.0,40.8314,56.4,33.6428,14.2,3.544,0.6124,0.0711,0.1162,0.0678,0.115,0.0598,0.7711,0.0359,0.1302,0.0277,0.0735,0.0383,0.2829,0.1748,0.9419,0.035
grassy,5,12.8,2.0,1.6733,967.4,18.3478,15.0,11.0454,10.8,2.7129,0.5745,0.0648,0.1332,0.0952,0.1098,0.1007,0.7642,0.0766,0.1296,0.0778,0.0865,0.0865,0.1644,0.1382,0.9847,0.0113
hyacinth,5,11.6,3.4,2.8705,957.8,31.562,25.8,22.2297,8.2,2.7857,0.6317,0.1147,0.1684,0.1047,0.1192,0.1048,0.898,0.0141,0.1286,0.0362,0.0793,0.0726,0.2898,0.2515,0.9736,0.0228
leathery,5,10.8,2.4,2.245,965.6,14.8405,18.8,10.7592,8.4,2.6533,0.6039,0.1037,0.1589,0.1177,0.1226,0.109,0.8487,0.0597,0.1266,0.0702,0.0844,0.0736,0.227,0.2135,0.9809,0.011
terpenic,5,9.4,1.0,1.2649,977.0,19.5653,8.8,12.8281,8.4,2.0591,0.5511,0.0641,0.1639,0.0121,0.063,0.0787,0.8952,0.049,0.1264,0.0524,0.0474,0.0622,0.1111,0.1405,0.991,0.0132
musty,5,40.0,13.0,9.757,836.8,110.2042,118.4,113.4594,27.0,9.9398,0.6012,0.0644,0.1298,0.0286,0.1398,0.0374,0.691,0.0303,0.1248,0.0432,0.1501,0.0719,0.3259,0.2431,0.8765,0.1178
black currant,5,8.6,0.2,0.4,985.6,13.6323,1.0,2.0,8.4,2.498,0.5095,0.019,0.1222,0.0,0.025,0.05,0.8116,0.0589,0.1246,0.035,0.0333,0.0667,0.02,0.04,0.999,0.0021
cabbage,5,9.2,3.2,1.4697,956.6,14.5272,29.4,9.0022,6.0,1.7889,0.6602,0.0797,0.1663,0.0692,0.1463,0.0511,0.9161,0.0303,0.1223,0.0568,0.0943,0.0305,0.3503,0.1667,0.9702,0.0092
apricot,5,15.6,7.2,2.8566,912.2,33.701,67.4,24.336,8.4,2.5768,0.6939,0.0753,0.1815,0.0547,0.1561,0.0371,0.8352,0.0469,0.1212,0.0709,0.0962,0.0215,0.4568,0.1708,0.931,0.0255
muguet,5,11.0,2.0,2.2804,960.6,26.6278,23.6,25.5937,9.0,3.4059,0.5892,0.1009,0.1198,0.1038,0.086,0.0903,0.8749,0.0233,0.1205,0.0766,0.0684,0.0688,0.2023,0.2199,0.9761,0.0259
jasmin,5,20.6,8.0,3.6332,897.6,56.0236,77.0,51.1664,12.6,4.4542,0.6581,0.0755,0.1673,0.0379,0.1602,0.034,0.8122,0.0419,0.1199,0.0191,0.1121,0.043,0.3954,0.2005,0.9208,0.0531
lily,5,14.0,2.2,2.3152,954.6,31.4998,26.6,33.3203,11.8,3.7094,0.574,0.086,0.0898,0.1137,0.0898,0.1122,0.8453,0.037,0.1197,0.0782,0.0782,0.1101,0.175,0.1992,0.973,0.0337
animal,5,24.8,9.2,2.7129,861.8,58.1907,108.6,57.6701,15.6,3.3226,0.6305,0.046,0.1526,0.0707,0.1544,0.0648,0.7524,0.049,0.1192,0.0473,0.131,0.1145,0.3728,0.1143,0.8881,0.06
cooling,5,16.0,3.6,1.3565,944.0,32.9242,35.2,31.6948,12.4,3.0067,0.6,0.045,0.1774,0.0984,0.1643,0.0917,0.8073,0.0627,0.1174,0.0836,0.2422,0.2358,0.2359,0.1061,0.9641,0.0325
radish,5,11.0,4.8,1.1662,938.0,17.7876,46.2,9.02,6.2,1.833,0.6988,0.0587,0.1847,0.0375,0.1533,0.0234,0.8548,0.029,0.1138,0.0625,0.0937,0.0141,0.4446,0.1254,0.953,0.0095
dry,5,33.2,4.6,3.7736,928.4,26.8373,33.6,23.4316,28.6,2.8705,0.549,0.0444,0.0892,0.0914,0.116,0.0914,0.7398,0.0343,0.1122,0.0369,0.1138,0.1044,0.133,0.1028,0.9651,0.0244
ripe,5,17.4,5.4,2.8705,924.0,46.0999,53.8,37.4187,12.0,3.7417,0.6299,0.0733,0.1477,0.0335,0.1379,0.0274,0.7939,0.0384,0.1121,0.0379,0.1193,0.0464,0.3152,0.1834,0.9447,0.0385
chamomile,5,6.2,0.0,0.0,989.0,11.2783,0.0,0.0,6.2,1.4697,0.5,0.0,,,0.0,0.0,0.8806,0.0545,0.1071,0.0607,0.0,0.0,0.0,0.0,1.0,0.0
grapefruit,5,14.8,3.0,2.9665,961.4,18.4673,19.0,10.6395,11.8,2.5612,0.5831,0.0826,0.1507,0.114,0.126,0.1161,0.7876,0.086,0.1069,0.0867,0.099,0.0954,0.1857,0.1733,0.9806,0.0108
tobacco,5,20.4,6.0,3.6332,893.8,40.2562,81.0,32.8329,14.4,4.5869,0.6059,0.0658,0.1012,0.0595,0.1039,0.0498,0.7482,0.0575,0.1066,0.0721,0.0666,0.0303,0.2951,0.1563,0.9166,0.0341
leafy,5,27.8,10.0,4.6904,851.2,61.2516,116.2,63.8103,17.8,7.1386,0.6288,0.0722,0.1235,0.0434,0.1253,0.0285,0.7455,0.0522,0.095,0.0303,0.0871,0.0182,0.3776,0.1997,0.8801,0.0658
solvent,5,11.6,2.4,2.1541,956.0,27.5899,27.6,21.2565,9.2,2.0396,0.5866,0.0829,0.1214,0.0782,0.0938,0.0752,0.866,0.038,0.0935,0.0201,0.066,0.0517,0.2014,0.1822,0.9718,0.0218
berry,5,31.2,10.4,7.3376,824.2,110.9403,139.8,107.4605,20.8,7.8588,0.5958,0.0662,0.0942,0.0397,0.0994,0.0321,0.7352,0.0119,0.0925,0.0163,0.0889,0.0471,0.3371,0.2429,0.8546,0.1117
sour,5,14.4,4.4,1.2,933.2,24.219,47.6,22.5353,10.0,0.8944,0.6276,0.0296,0.1415,0.0246,0.1372,0.0239,0.7688,0.0343,0.0909,0.0445,0.0917,0.0199,0.3038,0.0762,0.9515,0.0228
grape,5,18.2,6.4,3.5553,892.4,41.2049,84.6,33.619,11.8,3.6551,0.6325,0.0887,0.1107,0.0742,0.0998,0.0531,0.7743,0.0491,0.0893,0.0333,0.0583,0.0307,0.3518,0.2071,0.9132,0.0346
hay,5,14.8,2.0,2.0976,953.8,24.2355,26.6,21.7127,12.8,3.6551,0.5592,0.0664,0.076,0.0661,0.0621,0.0579,0.7919,0.0316,0.0859,0.0476,0.0404,0.036,0.1456,0.1542,0.9729,0.0222
beefy,5,8.6,3.4,1.8547,937.2,18.9251,49.4,22.7473,5.2,2.3152,0.6792,0.1116,0.146,0.065,0.1134,0.0445,0.8685,0.0368,0.0849,0.0268,0.0731,0.0389,0.4083,0.2418,0.9501,0.0229
bitter,5,12.8,0.8,0.7483,971.4,17.625,11.0,10.198,12.0,1.5492,0.5264,0.0243,0.0712,0.0176,0.0495,0.0424,0.6993,0.0273,0.0831,0.0474,0.0425,0.0374,0.0641,0.0583,0.9887,0.0104
chocolate,5,13.8,2.6,2.1541,954.8,24.3261,26.6,21.3972,11.2,4.5343,0.5875,0.0693,0.1137,0.0798,0.1084,0.0727,0.7825,0.0263,0.0828,0.043,0.1077,0.1008,0.2022,0.1576,0.9729,0.0217
orris,5,11.8,0.6,0.8,975.4,19.5714,8.0,12.6965,11.2,1.3266,0.5224,0.0305,0.0921,0.0854,0.046,0.059,0.7722,0.0821,0.0815,0.0472,0.1114,0.1955,0.053,0.072,0.9918,0.0131
sharp,5,20.6,4.2,3.6,914.0,45.1265,60.6,45.9156,16.4,5.0833,0.5776,0.079,0.0758,0.0674,0.0799,0.0526,0.7486,0.0743,0.0803,0.0212,0.0556,0.0372,0.2174,0.1956,0.9379,0.0474
ozone,5,7.8,0.6,0.8,980.4,15.4609,7.0,8.5323,7.2,2.7129,0.5489,0.0737,0.1053,0.0797,0.0574,0.0706,0.8201,0.0565,0.0774,0.039,0.056,0.0784,0.105,0.1552,0.9929,0.0087
clean,5,19.2,5.8,3.3705,885.2,53.3307,90.8,49.2276,13.4,3.8781,0.6062,0.0652,0.0874,0.054,0.0829,0.0454,0.7495,0.0169,0.0757,0.0271,0.0484,0.0268,0.3057,0.1793,0.9068,0.0509
clove,5,6.8,2.0,2.5298,972.6,20.6553,15.8,12.9058,4.8,1.9391,0.6241,0.1581,0.1427,0.1543,0.0918,0.1157,0.8939,0.0435,0.075,0.0326,0.0556,0.0703,0.2643,0.3286,0.9839,0.0132
vetiver,5,7.6,1.4,1.8547,970.2,19.4155,17.4,16.4146,6.2,2.8566,0.5917,0.1259,0.1306,0.0917,0.0621,0.0654,0.868,0.053,0.0743,0.0314,0.0382,0.0376,0.201,0.267,0.9824,0.0166
soapy,5,10.0,1.2,0.9798,966.2,21.132,19.0,13.9714,8.8,2.4,0.5544,0.0492,0.1057,0.1007,0.0897,0.1008,0.7863,0.024,0.0729,0.0608,0.0764,0.0996,0.1282,0.0973,0.9806,0.0143
geranium,5,12.2,1.4,1.3565,956.8,30.4657,26.2,25.9877,10.8,3.7094,0.5539,0.0521,0.0681,0.0453,0.0531,0.0437,0.7756,0.0501,0.0723,0.0359,0.0382,0.0347,0.1345,0.1295,0.9733,0.0266
aromatic,5,15.0,3.0,1.6733,932.4,32.2093,47.8,25.926,12.0,1.6733,0.5682,0.0423,0.0888,0.0594,0.1,0.0574,0.7418,0.0477,0.0705,0.0389,0.0725,0.0458,0.1854,0.0814,0.9511,0.0267
strawberry,5,9.8,0.4,0.8,980.0,14.8189,5.4,7.7872,9.4,1.7436,0.5173,0.0363,0.0563,0.0657,0.025,0.05,0.7923,0.0633,0.0696,0.0564,0.0182,0.0364,0.04,0.08,0.9945,0.0079
plum,5,12.2,1.2,1.1662,961.2,31.9525,21.8,22.04,11.0,1.4142,0.5382,0.0394,0.0741,0.0296,0.0479,0.0433,0.752,0.0389,0.0668,0.0456,0.034,0.0305,0.0987,0.0974,0.9776,0.0227
metallic,5,26.6,6.0,0.8944,856.2,49.3818,112.4,48.1896,20.6,3.7202,0.5571,0.0245,0.0622,0.0313,0.09,0.0276,0.6369,0.0592,0.0616,0.015,0.0587,0.0228,0.2303,0.0514,0.8839,0.0502
natural,5,15.4,1.2,1.1662,962.4,19.3659,17.4,18.2165,14.2,1.9391,0.5313,0.0315,0.072,0.0161,0.0501,0.0423,0.7481,0.0677,0.0611,0.0279,0.0403,0.0334,0.0804,0.0814,0.9823,0.0184
sandalwood,5,7.2,0.6,0.8,968.2,19.3018,19.8,16.4244,6.6,1.6248,0.5333,0.0595,0.0464,0.0547,0.0267,0.0356,0.9056,0.057,0.0606,0.0197,0.016,0.0208,0.0867,0.1293,0.98,0.0166
bergamot,5,6.4,0.0,0.0,988.2,10.1666,0.6,1.2,6.4,1.0198,0.4997,0.0006,-0.0043,0.0,0.0,0.0,0.9052,0.0508,0.058,0.0314,0.0,0.0,0.0,0.0,0.9994,0.0012
juicy,5,10.2,2.0,1.4142,955.6,28.4928,29.4,20.0958,8.2,2.4,0.5861,0.063,0.1259,0.0793,0.0976,0.0839,0.8327,0.0417,0.0574,0.0248,0.0668,0.061,0.2022,0.1287,0.97,0.0207
lavender,5,8.8,0.0,0.0,984.4,13.544,2.0,4.0,8.8,4.02,0.499,0.002,-0.0071,0.0,0.0,0.0,0.8648,0.0645,0.0564,0.0192,0.0,0.0,0.0,0.0,0.998,0.004
fruit skin,5,10.4,0.8,0.9798,958.8,38.9687,26.0,30.1131,9.6,1.3565,0.5256,0.0507,0.0558,0.0804,0.052,0.0716,0.7449,0.048,0.0558,0.0444,0.0495,0.0775,0.0778,0.0969,0.9733,0.031
raspberry,5,8.6,0.0,0.0,986.6,8.6626,0.0,0.0,8.6,2.1541,0.5,0.0,,,0.0,0.0,0.7319,0.0629,0.0544,0.0512,0.0,0.0,0.0,0.0,1.0,0.0
warm,5,19.0,3.2,3.3106,922.0,55.3426,54.2,46.3396,15.8,4.0694,0.5572,0.0648,0.0848,0.0444,0.0532,0.0485,0.7157,0.0332,0.0499,0.0085,0.0318,0.0286,0.1703,0.1736,0.944,0.0479
violet,5,13.2,1.0,0.8944,963.2,26.0261,18.8,16.6661,12.2,2.4819,0.5254,0.023,0.0554,0.0098,0.0414,0.0344,0.7655,0.0331,0.0486,0.0191,0.0302,0.0248,0.0701,0.063,0.9807,0.017
brandy,5,8.4,0.6,0.8,976.2,18.4651,10.6,13.0169,7.8,3.3106,0.5398,0.0521,0.0971,0.0285,0.0341,0.0442,0.835,0.0571,0.0482,0.0203,0.021,0.0273,0.0905,0.117,0.9892,0.0133
tea,5,11.2,0.0,0.0,984.0,10.8259,0.0,0.0,11.2,2.1354,0.5,0.0,,,0.0,0.0,0.6969,0.092,0.0423,0.0307,0.0,0.0,0.0,0.0,1.0,0.0
gassy,5,7.0,0.0,0.0,988.2,10.3421,0.0,0.0,7.0,0.6325,0.5,0.0,,,0.0,0.0,0.8316,0.101,0.0383,0.019,0.0,0.0,0.0,0.0,1.0,0.0
sweaty,5,7.6,0.0,0.0,987.6,9.8509,0.0,0.0,7.6,1.3565,0.5,0.0,,,0.0,0.0,0.7919,0.079,0.0367,0.0113,0.0,0.0,0.0,0.0,1.0,0.0
cortex,5,11.2,0.0,0.0,984.0,9.8995,0.0,0.0,11.2,3.0594,0.5,0.0,,,0.0,0.0,0.6844,0.0913,0.036,0.0282,0.0,0.0,0.0,0.0,1.0,0.0
orangeflower,5,6.6,0.0,0.0,988.6,11.1642,0.0,0.0,6.6,1.3565,0.5,0.0,,,0.0,0.0,0.8077,0.0657,0.0298,0.0095,0.0,0.0,0.0,0.0,1.0,0.0
celery,5,8.4,0.0,0.0,986.8,9.3467,0.0,0.0,8.4,2.0591,0.5,0.0,,,0.0,0.0,0.6223,0.0765,0.023,0.0161,0.0,0.0,0.0,0.0,1.0,0.0
weedy,5,8.8,0.0,0.0,986.4,9.7283,0.0,0.0,8.8,1.1662,0.5,0.0,,,0.0,0.0,0.641,0.0959,0.02,0.0083,0.0,0.0,0.0,0.0,1.0,0.0
