Model;Label;Threshold;TP;TN;FP;FN;Bal.Acc;MCC;F1;ROC_AUC;PR_AUC;Sensitivity;Specificity
LR;fine_alcoholic;0.85;13;974;25;8;0.797;0.445;0.441;0.966;0.434;0.619;0.975
LR;fine_aldehydic;0.75;15;959;34;12;0.761;0.391;0.395;0.938;0.418;0.556;0.966
LR;fine_alliaceous;0.85;15;974;20;11;0.778;0.482;0.492;0.966;0.447;0.577;0.98
LR;fine_almond;0.8;8;967;35;10;0.705;0.268;0.262;0.891;0.317;0.444;0.965
LR;fine_amber;0.8;11;980;20;9;0.765;0.428;0.431;0.907;0.357;0.55;0.98
LR;fine_animal;0.8;11;961;29;19;0.669;0.294;0.314;0.667;0.216;0.367;0.971
LR;fine_anisic;0.8;10;973;24;13;0.705;0.34;0.351;0.857;0.264;0.435;0.976
LR;fine_apple;0.8;38;904;49;29;0.758;0.457;0.494;0.923;0.491;0.567;0.949
LR;fine_apricot;0.85;6;965;36;13;0.64;0.19;0.197;0.851;0.247;0.316;0.964
LR;fine_aromatic;0.8;4;957;47;12;0.602;0.116;0.119;0.781;0.083;0.25;0.953
LR;fine_balsamic;0.85;26;923;38;33;0.701;0.386;0.423;0.843;0.362;0.441;0.96
LR;fine_banana;0.9;13;970;19;18;0.7;0.394;0.413;0.921;0.349;0.419;0.981
LR;fine_beefy;0.9;5;1003;8;4;0.774;0.457;0.455;0.933;0.315;0.556;0.992
LR;fine_bergamot;0.9;4;1010;4;2;0.831;0.575;0.571;0.989;0.716;0.667;0.996
LR;fine_berry;0.8;7;951;37;25;0.591;0.156;0.184;0.764;0.183;0.219;0.963
LR;fine_bitter;0.85;3;991;16;10;0.607;0.178;0.188;0.723;0.169;0.231;0.984
LR;fine_black currant;0.9;2;1006;6;6;0.622;0.244;0.25;0.953;0.24;0.25;0.994
LR;fine_brandy;0.85;3;987;23;7;0.639;0.173;0.167;0.88;0.12;0.3;0.977
LR;fine_burnt;0.85;16;924;55;25;0.667;0.258;0.286;0.805;0.192;0.39;0.944
LR;fine_buttery;0.8;16;950;42;12;0.765;0.373;0.372;0.93;0.397;0.571;0.958
LR;fine_cabbage;0.9;2;1000;9;9;0.586;0.173;0.182;0.925;0.169;0.182;0.991
LR;fine_camphoreous;0.8;17;958;36;9;0.809;0.439;0.43;0.939;0.473;0.654;0.964
LR;fine_caramellic;0.75;32;930;43;15;0.818;0.511;0.525;0.858;0.457;0.681;0.956
LR;fine_cedar;0.9;3;999;11;7;0.645;0.245;0.25;0.862;0.275;0.3;0.989
LR;fine_celery;0.9;3;1003;7;7;0.647;0.293;0.3;0.71;0.3;0.3;0.993
LR;fine_chamomile;0.9;3;1006;7;4;0.711;0.353;0.353;0.796;0.336;0.429;0.993
LR;fine_cheesy;0.9;12;955;23;30;0.631;0.286;0.312;0.873;0.281;0.286;0.976
LR;fine_cherry;0.8;8;967;37;8;0.732;0.28;0.262;0.856;0.204;0.5;0.963
LR;fine_chocolate;0.85;5;982;22;11;0.645;0.225;0.233;0.853;0.153;0.312;0.978
LR;fine_cinnamon;0.85;4;999;9;8;0.662;0.312;0.32;0.889;0.359;0.333;0.991
LR;fine_citrus;0.7;47;887;57;29;0.779;0.484;0.522;0.886;0.436;0.618;0.94
LR;fine_clean;0.8;7;952;47;14;0.643;0.182;0.187;0.797;0.101;0.333;0.953
LR;fine_clove;0.9;4;1003;10;3;0.781;0.398;0.381;0.855;0.205;0.571;0.99
LR;fine_cocoa;0.85;9;972;26;13;0.692;0.306;0.316;0.891;0.296;0.409;0.974
LR;fine_coconut;0.8;15;972;29;4;0.88;0.506;0.476;0.977;0.547;0.789;0.971
LR;fine_coffee;0.85;12;962;36;10;0.755;0.349;0.343;0.952;0.386;0.545;0.964
LR;fine_cognac;0.85;13;962;34;11;0.754;0.367;0.366;0.917;0.349;0.542;0.966
LR;fine_cooked;0.85;6;974;25;15;0.63;0.216;0.231;0.739;0.132;0.286;0.975
LR;fine_cooling;0.85;4;992;12;12;0.619;0.238;0.25;0.877;0.176;0.25;0.988
LR;fine_cortex;0.85;4;984;23;9;0.642;0.199;0.2;0.728;0.082;0.308;0.977
LR;fine_coumarinic;0.9;6;998;8;8;0.71;0.421;0.429;0.939;0.48;0.429;0.992
LR;fine_creamy;0.7;17;900;88;15;0.721;0.254;0.248;0.816;0.27;0.531;0.911
LR;fine_cucumber;0.9;7;1000;12;1;0.932;0.563;0.519;0.995;0.557;0.875;0.988
LR;fine_dairy;0.8;7;959;37;17;0.627;0.19;0.206;0.76;0.096;0.292;0.963
LR;fine_dry;0.8;7;947;40;26;0.586;0.145;0.175;0.706;0.127;0.212;0.959
LR;fine_earthy;0.7;28;845;100;47;0.634;0.211;0.276;0.724;0.22;0.373;0.894
LR;fine_ethereal;0.85;40;920;44;16;0.834;0.554;0.571;0.954;0.691;0.714;0.954
LR;fine_fatty;0.75;64;856;45;55;0.744;0.507;0.561;0.883;0.514;0.538;0.95
LR;fine_fermented;0.9;10;977;15;18;0.671;0.361;0.377;0.912;0.256;0.357;0.985
LR;fine_fishy;0.85;8;993;11;8;0.745;0.449;0.457;0.875;0.517;0.5;0.989
LR;fine_floral;0.55;179;650;144;47;0.805;0.545;0.652;0.866;0.608;0.792;0.819
LR;fine_fresh;0.65;50;806;104;60;0.67;0.295;0.379;0.766;0.316;0.455;0.886
LR;fine_fruit skin;0.8;2;983;27;8;0.587;0.103;0.103;0.744;0.051;0.2;0.973
LR;fine_fruity;0.5;294;503;137;86;0.78;0.548;0.725;0.863;0.784;0.774;0.786
LR;fine_garlic;0.9;15;984;12;9;0.806;0.579;0.588;0.98;0.634;0.625;0.988
LR;fine_gassy;0.9;2;1003;10;5;0.638;0.211;0.211;0.957;0.159;0.286;0.99
LR;fine_geranium;0.85;4;991;17;8;0.658;0.24;0.242;0.794;0.123;0.333;0.983
LR;fine_grape;0.9;4;990;7;19;0.583;0.24;0.235;0.821;0.244;0.174;0.993
LR;fine_grapefruit;0.85;6;989;14;11;0.669;0.313;0.324;0.797;0.314;0.353;0.986
LR;fine_grassy;0.85;0;982;28;10;0.486;-0.017;0.0;0.82;0.04;0.0;0.972
LR;fine_green;0.55;205;565;153;97;0.733;0.445;0.621;0.816;0.673;0.679;0.787
LR;fine_hawthorn;0.9;7;1002;8;3;0.846;0.566;0.56;0.971;0.456;0.7;0.992
LR;fine_hay;0.85;5;979;24;12;0.635;0.208;0.217;0.686;0.123;0.294;0.976
LR;fine_hazelnut;0.9;6;994;12;8;0.708;0.368;0.375;0.972;0.32;0.429;0.988
LR;fine_herbal;0.65;71;740;129;80;0.661;0.288;0.405;0.741;0.34;0.47;0.852
LR;fine_honey;0.75;18;938;48;16;0.74;0.351;0.36;0.864;0.433;0.529;0.951
LR;fine_hyacinth;0.9;4;998;11;7;0.676;0.303;0.308;0.921;0.355;0.364;0.989
LR;fine_jasmin;0.85;7;974;23;16;0.641;0.247;0.264;0.889;0.303;0.304;0.977
LR;fine_juicy;0.85;3;986;24;7;0.638;0.17;0.162;0.808;0.054;0.3;0.976
LR;fine_ketonic;0.9;6;998;11;5;0.767;0.431;0.429;0.92;0.393;0.545;0.989
LR;fine_lactonic;0.9;4;996;12;8;0.661;0.279;0.286;0.954;0.194;0.333;0.988
LR;fine_lavender;0.9;2;999;8;11;0.573;0.166;0.174;0.873;0.143;0.154;0.992
LR;fine_leafy;0.8;5;956;37;22;0.574;0.12;0.145;0.711;0.103;0.185;0.963
LR;fine_leathery;0.85;4;982;25;9;0.641;0.191;0.19;0.877;0.174;0.308;0.975
LR;fine_lemon;0.85;7;979;23;11;0.683;0.285;0.292;0.919;0.236;0.389;0.977
LR;fine_lily;0.85;7;975;28;10;0.692;0.27;0.269;0.894;0.179;0.412;0.972
LR;fine_malty;0.9;1;1011;4;4;0.598;0.196;0.2;0.838;0.243;0.2;0.996
LR;fine_meaty;0.8;36;928;32;24;0.783;0.535;0.562;0.943;0.597;0.6;0.967
LR;fine_medicinal;0.85;8;971;35;6;0.768;0.311;0.281;0.871;0.311;0.571;0.965
LR;fine_melon;0.85;9;965;27;19;0.647;0.261;0.281;0.837;0.206;0.321;0.973
LR;fine_metallic;0.8;5;961;31;23;0.574;0.13;0.156;0.692;0.109;0.179;0.969
LR;fine_milky;0.9;3;990;13;14;0.582;0.168;0.182;0.716;0.133;0.176;0.987
LR;fine_mint;0.8;23;948;27;22;0.742;0.46;0.484;0.838;0.425;0.511;0.972
LR;fine_muguet;0.85;6;991;16;7;0.723;0.344;0.343;0.929;0.237;0.462;0.984
LR;fine_mushroom;0.85;6;972;21;21;0.601;0.201;0.222;0.886;0.175;0.222;0.979
LR;fine_musk;0.75;13;980;20;7;0.815;0.494;0.491;0.929;0.648;0.65;0.98
LR;fine_musty;0.7;18;887;90;25;0.663;0.213;0.238;0.775;0.176;0.419;0.908
LR;fine_natural;0.85;0;995;13;12;0.494;-0.012;0.0;0.684;0.024;0.0;0.987
LR;fine_nutty;0.8;33;918;30;39;0.713;0.454;0.489;0.824;0.499;0.458;0.968
LR;fine_odorless;0.85;24;961;19;16;0.79;0.561;0.578;0.979;0.64;0.6;0.981
LR;fine_oily;0.75;37;858;81;44;0.685;0.313;0.372;0.779;0.285;0.457;0.914
LR;fine_onion;0.85;21;964;21;14;0.789;0.53;0.545;0.956;0.466;0.6;0.979
LR;fine_orange;0.85;13;977;20;10;0.773;0.457;0.464;0.92;0.389;0.565;0.98
LR;fine_orangeflower;0.9;3;1007;4;6;0.665;0.373;0.375;0.922;0.502;0.333;0.996
LR;fine_orris;0.85;4;983;24;9;0.642;0.195;0.195;0.77;0.141;0.308;0.976
LR;fine_ozone;0.9;0;1007;6;7;0.497;-0.006;0.0;0.769;0.041;0.0;0.994
LR;fine_peach;0.8;5;967;37;11;0.638;0.172;0.172;0.849;0.115;0.312;0.963
LR;fine_pear;0.8;12;960;34;14;0.714;0.325;0.333;0.891;0.372;0.462;0.966
LR;fine_phenolic;0.85;28;932;52;8;0.862;0.498;0.483;0.947;0.547;0.778;0.947
LR;fine_pine;0.9;9;993;12;6;0.794;0.498;0.5;0.894;0.311;0.6;0.988
LR;fine_pineapple;0.85;24;937;37;22;0.742;0.423;0.449;0.913;0.479;0.522;0.962
LR;fine_plum;0.9;5;990;16;9;0.671;0.28;0.286;0.838;0.266;0.357;0.984
LR;fine_popcorn;0.9;3;1005;9;3;0.746;0.348;0.333;0.988;0.56;0.5;0.991
LR;fine_potato;0.85;2;992;16;10;0.575;0.123;0.133;0.755;0.081;0.167;0.984
LR;fine_powdery;0.8;13;933;53;21;0.664;0.24;0.26;0.853;0.197;0.382;0.946
LR;fine_pungent;0.75;24;896;77;23;0.716;0.303;0.324;0.827;0.314;0.511;0.921
LR;fine_radish;0.85;3;990;15;12;0.593;0.169;0.182;0.845;0.251;0.2;0.985
LR;fine_raspberry;0.85;3;996;16;5;0.68;0.234;0.222;0.897;0.348;0.375;0.984
LR;fine_ripe;0.85;5;960;39;16;0.6;0.139;0.154;0.857;0.122;0.238;0.961
LR;fine_roasted;0.8;34;912;48;26;0.758;0.447;0.479;0.918;0.544;0.567;0.95
LR;fine_rose;0.75;38;900;52;30;0.752;0.443;0.481;0.898;0.527;0.559;0.945
LR;fine_rummy;0.85;10;971;25;14;0.696;0.326;0.339;0.863;0.328;0.417;0.975
LR;fine_sandalwood;0.9;4;1007;6;3;0.783;0.474;0.471;0.976;0.381;0.571;0.994
LR;fine_savory;0.85;10;962;32;16;0.676;0.28;0.294;0.886;0.169;0.385;0.968
LR;fine_sharp;0.8;8;958;37;17;0.641;0.213;0.229;0.842;0.177;0.32;0.963
LR;fine_smoky;0.9;9;981;25;5;0.809;0.401;0.375;0.947;0.352;0.643;0.975
LR;fine_soapy;0.85;5;979;24;12;0.635;0.208;0.217;0.801;0.179;0.294;0.976
LR;fine_solvent;0.9;5;991;17;7;0.7;0.297;0.294;0.912;0.26;0.417;0.983
LR;fine_sour;0.8;6;974;28;12;0.653;0.224;0.231;0.868;0.219;0.333;0.972
LR;fine_spicy;0.75;43;861;66;50;0.696;0.364;0.426;0.822;0.423;0.462;0.929
LR;fine_strawberry;0.85;5;988;17;10;0.658;0.262;0.27;0.86;0.262;0.333;0.983
LR;fine_sulfurous;0.8;70;915;25;10;0.924;0.785;0.8;0.977;0.742;0.875;0.973
LR;fine_sweaty;0.9;3;1001;11;5;0.682;0.276;0.273;0.841;0.253;0.375;0.989
LR;fine_sweet;0.55;193;504;231;92;0.681;0.33;0.544;0.755;0.542;0.677;0.686
LR;fine_tea;0.85;2;1003;6;9;0.588;0.206;0.211;0.731;0.067;0.182;0.994
LR;fine_terpenic;0.9;3;1002;8;7;0.646;0.279;0.286;0.913;0.176;0.3;0.992
LR;fine_tobacco;0.8;9;976;21;14;0.685;0.325;0.34;0.805;0.237;0.391;0.979
LR;fine_tomato;0.9;0;1005;9;6;0.496;-0.007;0.0;0.903;0.04;0.0;0.991
LR;fine_tropical;0.75;37;882;58;43;0.7;0.371;0.423;0.821;0.355;0.463;0.938
LR;fine_vanilla;0.9;11;981;16;12;0.731;0.427;0.44;0.826;0.449;0.478;0.984
LR;fine_vegetable;0.75;24;916;47;33;0.686;0.336;0.375;0.83;0.277;0.421;0.951
LR;fine_vetiver;0.9;4;1004;7;5;0.719;0.396;0.4;0.886;0.331;0.444;0.993
LR;fine_violet;0.9;10;999;7;4;0.854;0.643;0.645;0.92;0.554;0.714;0.993
LR;fine_warm;0.75;2;960;41;17;0.532;0.043;0.065;0.587;0.042;0.105;0.959
LR;fine_waxy;0.75;65;859;62;34;0.795;0.528;0.575;0.891;0.542;0.657;0.933
LR;fine_weedy;0.85;0;989;21;10;0.49;-0.014;0.0;0.657;0.024;0.0;0.979
LR;fine_winey;0.8;26;909;61;24;0.729;0.353;0.38;0.899;0.297;0.52;0.937
LR;fine_woody;0.7;79;820;65;56;0.756;0.498;0.566;0.841;0.543;0.585;0.927
RF;fine_alcoholic;0.65;11;992;7;10;0.758;0.557;0.564;0.966;0.515;0.524;0.993
RF;fine_aldehydic;0.6;7;986;7;20;0.626;0.348;0.341;0.94;0.433;0.259;0.993
RF;fine_alliaceous;0.6;7;989;5;19;0.632;0.386;0.368;0.963;0.467;0.269;0.995
RF;fine_almond;0.6;5;1001;1;13;0.638;0.477;0.417;0.861;0.5;0.278;0.999
RF;fine_amber;0.65;3;997;3;17;0.574;0.267;0.231;0.899;0.295;0.15;0.997
RF;fine_animal;0.6;4;978;12;26;0.561;0.165;0.174;0.771;0.158;0.133;0.988
RF;fine_anisic;0.55;8;993;4;15;0.672;0.473;0.457;0.908;0.463;0.348;0.996
RF;fine_apple;0.6;24;934;19;43;0.669;0.417;0.436;0.923;0.501;0.358;0.98
RF;fine_apricot;0.55;1;999;2;18;0.525;0.126;0.091;0.905;0.233;0.053;0.998
RF;fine_aromatic;0.45;0;994;10;16;0.495;-0.013;0.0;0.81;0.075;0.0;0.99
RF;fine_balsamic;0.6;12;944;17;47;0.593;0.261;0.273;0.883;0.376;0.203;0.982
RF;fine_banana;0.55;12;978;11;19;0.688;0.435;0.444;0.91;0.48;0.387;0.989
RF;fine_beefy;0.45;1;1008;3;8;0.554;0.162;0.154;0.971;0.253;0.111;0.997
RF;fine_bergamot;0.6;3;1014;0;3;0.75;0.706;0.667;0.965;0.682;0.5;1.0
RF;fine_berry;0.45;5;974;14;27;0.571;0.183;0.196;0.713;0.102;0.156;0.986
RF;fine_bitter;0.4;2;1002;5;11;0.574;0.202;0.2;0.748;0.224;0.154;0.995
RF;fine_black currant;0.5;2;1009;3;6;0.624;0.312;0.308;0.894;0.322;0.25;0.997
RF;fine_brandy;0.5;1;1008;2;9;0.549;0.178;0.154;0.853;0.111;0.1;0.998
RF;fine_burnt;0.55;5;964;15;36;0.553;0.151;0.164;0.815;0.197;0.122;0.985
RF;fine_buttery;0.5;10;983;9;18;0.674;0.421;0.426;0.931;0.438;0.357;0.991
RF;fine_cabbage;0.45;1;1002;7;10;0.542;0.098;0.105;0.914;0.256;0.091;0.993
RF;fine_camphoreous;0.55;10;986;8;16;0.688;0.451;0.455;0.937;0.509;0.385;0.992
RF;fine_caramellic;0.55;19;961;12;28;0.696;0.479;0.487;0.871;0.52;0.404;0.988
RF;fine_cedar;0.6;2;1009;1;8;0.6;0.362;0.308;0.884;0.283;0.2;0.999
RF;fine_celery;0.6;0;1008;2;10;0.499;-0.004;0.0;0.746;0.098;0.0;0.998
RF;fine_chamomile;0.5;2;1012;1;5;0.642;0.434;0.4;0.856;0.345;0.286;0.999
RF;fine_cheesy;0.6;10;973;5;32;0.616;0.385;0.351;0.871;0.415;0.238;0.995
RF;fine_cherry;0.55;6;995;9;10;0.683;0.378;0.387;0.909;0.319;0.375;0.991
RF;fine_chocolate;0.5;2;1003;1;14;0.562;0.285;0.211;0.882;0.338;0.125;0.999
RF;fine_cinnamon;0.55;2;1006;2;10;0.582;0.284;0.25;0.931;0.41;0.167;0.998
RF;fine_citrus;0.6;27;925;19;49;0.668;0.424;0.443;0.889;0.505;0.355;0.98
RF;fine_clean;0.45;4;997;2;17;0.594;0.35;0.296;0.826;0.301;0.19;0.998
RF;fine_clove;0.6;3;1011;2;4;0.713;0.504;0.5;0.794;0.359;0.429;0.998
RF;fine_cocoa;0.45;8;986;12;14;0.676;0.368;0.381;0.878;0.393;0.364;0.988
RF;fine_coconut;0.5;8;995;6;11;0.708;0.482;0.485;0.946;0.577;0.421;0.994
RF;fine_coffee;0.6;4;993;5;18;0.588;0.275;0.258;0.941;0.328;0.182;0.995
RF;fine_cognac;0.65;7;987;9;17;0.641;0.345;0.35;0.886;0.335;0.292;0.991
RF;fine_cooked;0.55;0;996;3;21;0.498;-0.008;0.0;0.853;0.162;0.0;0.997
RF;fine_cooling;0.55;2;1001;3;14;0.561;0.217;0.19;0.861;0.184;0.125;0.997
RF;fine_cortex;0.35;2;1003;4;11;0.575;0.22;0.211;0.794;0.114;0.154;0.996
RF;fine_coumarinic;0.6;7;1005;1;7;0.75;0.658;0.636;0.975;0.695;0.5;0.999
RF;fine_creamy;0.6;5;984;4;27;0.576;0.284;0.244;0.842;0.331;0.156;0.996
RF;fine_cucumber;0.55;2;1010;2;6;0.624;0.35;0.333;0.987;0.484;0.25;0.998
RF;fine_dairy;0.6;3;992;4;21;0.56;0.222;0.194;0.798;0.142;0.125;0.996
RF;fine_dry;0.55;1;984;3;32;0.514;0.077;0.054;0.77;0.188;0.03;0.997
RF;fine_earthy;0.55;13;935;10;62;0.581;0.286;0.265;0.752;0.301;0.173;0.989
RF;fine_ethereal;0.6;37;944;20;19;0.82;0.635;0.655;0.964;0.749;0.661;0.979
RF;fine_fatty;0.65;52;874;27;67;0.704;0.489;0.525;0.888;0.577;0.437;0.97
RF;fine_fermented;0.6;10;985;7;18;0.675;0.447;0.444;0.896;0.456;0.357;0.993
RF;fine_fishy;0.6;4;1001;3;12;0.624;0.372;0.348;0.948;0.435;0.25;0.997
RF;fine_floral;0.55;142;721;73;84;0.768;0.546;0.644;0.87;0.67;0.628;0.908
RF;fine_fresh;0.55;19;880;30;91;0.57;0.203;0.239;0.785;0.34;0.173;0.967
RF;fine_fruit skin;0.45;1;1007;3;9;0.549;0.153;0.143;0.676;0.075;0.1;0.997
RF;fine_fruity;0.5;265;551;89;115;0.779;0.567;0.722;0.864;0.817;0.697;0.861
RF;fine_garlic;0.6;12;988;8;12;0.746;0.538;0.545;0.988;0.684;0.5;0.992
RF;fine_gassy;0.55;0;1013;0;7;0.5;0.0;0.0;0.912;0.074;0.0;1.0
RF;fine_geranium;0.6;3;1007;1;9;0.625;0.43;0.375;0.83;0.283;0.25;0.999
RF;fine_grape;0.65;3;995;2;20;0.564;0.273;0.214;0.811;0.24;0.13;0.998
RF;fine_grapefruit;0.5;5;1000;3;12;0.646;0.422;0.4;0.915;0.376;0.294;0.997
RF;fine_grassy;0.45;0;1006;4;10;0.498;-0.006;0.0;0.796;0.036;0.0;0.996
RF;fine_green;0.55;151;651;67;151;0.703;0.453;0.581;0.826;0.681;0.5;0.907
RF;fine_hawthorn;0.5;3;1006;4;7;0.648;0.353;0.353;0.972;0.425;0.3;0.996
RF;fine_hay;0.5;3;997;6;14;0.585;0.233;0.231;0.693;0.162;0.176;0.994
RF;fine_hazelnut;0.55;4;1001;5;10;0.64;0.349;0.348;0.961;0.448;0.286;0.995
RF;fine_herbal;0.55;46;823;46;105;0.626;0.312;0.379;0.755;0.39;0.305;0.947
RF;fine_honey;0.6;9;982;4;25;0.63;0.417;0.383;0.863;0.43;0.265;0.996
RF;fine_hyacinth;0.55;3;1004;5;8;0.634;0.314;0.316;0.882;0.304;0.273;0.995
RF;fine_jasmin;0.45;7;994;3;16;0.651;0.454;0.424;0.892;0.421;0.304;0.997
RF;fine_juicy;0.55;0;1006;4;10;0.498;-0.006;0.0;0.826;0.084;0.0;0.996
RF;fine_ketonic;0.65;5;1006;3;6;0.726;0.529;0.526;0.897;0.458;0.455;0.997
RF;fine_lactonic;0.6;4;1006;2;8;0.666;0.467;0.444;0.942;0.409;0.333;0.998
RF;fine_lavender;0.55;2;1002;5;11;0.574;0.202;0.2;0.721;0.123;0.154;0.995
RF;fine_leafy;0.45;1;987;6;26;0.515;0.06;0.059;0.807;0.115;0.037;0.994
RF;fine_leathery;0.6;3;1007;0;10;0.615;0.478;0.375;0.823;0.358;0.231;1.0
RF;fine_lemon;0.5;7;1000;2;11;0.693;0.545;0.519;0.937;0.552;0.389;0.998
RF;fine_lily;0.45;2;997;6;15;0.556;0.162;0.16;0.862;0.261;0.118;0.994
RF;fine_malty;0.45;1;1012;3;4;0.599;0.22;0.222;0.879;0.279;0.2;0.997
RF;fine_meaty;0.6;28;947;13;32;0.727;0.543;0.554;0.945;0.619;0.467;0.986
RF;fine_medicinal;0.6;4;1000;6;10;0.64;0.33;0.333;0.858;0.296;0.286;0.994
RF;fine_melon;0.6;3;989;3;25;0.552;0.222;0.176;0.816;0.248;0.107;0.997
RF;fine_metallic;0.5;1;989;3;27;0.516;0.085;0.062;0.705;0.105;0.036;0.997
RF;fine_milky;0.5;2;1002;1;15;0.558;0.276;0.2;0.848;0.212;0.118;0.999
RF;fine_mint;0.6;18;968;7;27;0.696;0.522;0.514;0.858;0.532;0.4;0.993
RF;fine_muguet;0.55;1;1006;1;12;0.538;0.193;0.133;0.945;0.362;0.077;0.999
RF;fine_mushroom;0.5;3;992;1;24;0.555;0.283;0.194;0.881;0.307;0.111;0.999
RF;fine_musk;0.6;10;1000;0;10;0.75;0.704;0.667;0.895;0.705;0.5;1.0
RF;fine_musty;0.55;2;970;7;41;0.52;0.085;0.077;0.762;0.179;0.047;0.993
RF;fine_natural;0.45;0;1006;2;12;0.499;-0.005;0.0;0.73;0.033;0.0;0.998
RF;fine_nutty;0.6;29;931;17;43;0.692;0.475;0.492;0.841;0.503;0.403;0.982
RF;fine_odorless;0.55;20;969;11;20;0.744;0.553;0.563;0.974;0.706;0.5;0.989
RF;fine_oily;0.6;18;914;25;63;0.598;0.263;0.29;0.824;0.348;0.222;0.973
RF;fine_onion;0.6;17;970;15;18;0.735;0.491;0.507;0.978;0.622;0.486;0.985
RF;fine_orange;0.6;5;993;4;18;0.607;0.339;0.312;0.9;0.439;0.217;0.996
RF;fine_orangeflower;0.65;3;1011;0;6;0.667;0.576;0.5;0.918;0.718;0.333;1.0
RF;fine_orris;0.6;1;1004;3;12;0.537;0.133;0.118;0.765;0.181;0.077;0.997
RF;fine_ozone;0.45;0;1010;3;7;0.499;-0.005;0.0;0.715;0.037;0.0;0.997
RF;fine_peach;0.55;4;1003;1;12;0.625;0.443;0.381;0.859;0.305;0.25;0.999
RF;fine_pear;0.6;5;986;8;21;0.592;0.259;0.256;0.904;0.272;0.192;0.992
RF;fine_phenolic;0.6;24;965;19;12;0.824;0.594;0.608;0.94;0.556;0.667;0.981
RF;fine_pine;0.55;5;1001;4;10;0.665;0.424;0.417;0.981;0.519;0.333;0.996
RF;fine_pineapple;0.6;19;963;11;27;0.701;0.493;0.5;0.9;0.49;0.413;0.989
RF;fine_plum;0.45;1;1005;1;13;0.535;0.185;0.125;0.864;0.186;0.071;0.999
RF;fine_popcorn;0.6;3;1012;2;3;0.749;0.545;0.545;0.996;0.657;0.5;0.998
RF;fine_potato;0.55;1;1004;4;11;0.54;0.123;0.118;0.91;0.133;0.083;0.996
RF;fine_powdery;0.55;8;977;9;26;0.613;0.317;0.314;0.839;0.279;0.235;0.991
RF;fine_pungent;0.55;14;957;16;33;0.641;0.349;0.364;0.842;0.342;0.298;0.984
RF;fine_radish;0.55;1;1003;2;14;0.532;0.144;0.111;0.885;0.212;0.067;0.998
RF;fine_raspberry;0.5;0;1010;2;8;0.499;-0.004;0.0;0.742;0.023;0.0;0.998
RF;fine_ripe;0.55;1;993;6;20;0.521;0.072;0.071;0.837;0.139;0.048;0.994
RF;fine_roasted;0.6;29;944;16;31;0.733;0.535;0.552;0.933;0.538;0.483;0.983
RF;fine_rose;0.6;22;938;14;46;0.654;0.417;0.423;0.911;0.559;0.324;0.985
RF;fine_rummy;0.55;8;990;6;16;0.664;0.426;0.421;0.884;0.338;0.333;0.994
RF;fine_sandalwood;0.55;4;1013;0;3;0.786;0.755;0.727;0.898;0.7;0.571;1.0
RF;fine_savory;0.5;5;985;9;21;0.592;0.248;0.25;0.896;0.27;0.192;0.991
RF;fine_sharp;0.55;1;986;9;24;0.515;0.049;0.057;0.818;0.129;0.04;0.991
RF;fine_smoky;0.65;4;1000;6;10;0.64;0.33;0.333;0.943;0.4;0.286;0.994
RF;fine_soapy;0.4;1;1001;2;16;0.528;0.134;0.1;0.767;0.134;0.059;0.998
RF;fine_solvent;0.55;5;1001;7;7;0.705;0.41;0.417;0.846;0.365;0.417;0.993
RF;fine_sour;0.55;5;999;3;13;0.637;0.41;0.385;0.828;0.293;0.278;0.997
RF;fine_spicy;0.55;28;899;28;65;0.635;0.342;0.376;0.834;0.427;0.301;0.97
RF;fine_strawberry;0.45;2;1003;2;13;0.566;0.253;0.211;0.893;0.24;0.133;0.998
RF;fine_sulfurous;0.65;57;921;19;23;0.846;0.709;0.731;0.988;0.836;0.713;0.98
RF;fine_sweaty;0.4;3;1006;6;5;0.685;0.348;0.353;0.838;0.311;0.375;0.994
RF;fine_sweet;0.55;142;620;115;143;0.671;0.353;0.524;0.749;0.561;0.498;0.844
RF;fine_tea;0.45;1;1007;2;10;0.544;0.17;0.143;0.84;0.137;0.091;0.998
RF;fine_terpenic;0.6;1;1005;5;9;0.548;0.122;0.125;0.963;0.241;0.1;0.995
RF;fine_tobacco;0.55;5;993;4;18;0.607;0.339;0.312;0.918;0.387;0.217;0.996
RF;fine_tomato;0.55;0;1012;2;6;0.499;-0.003;0.0;0.931;0.047;0.0;0.998
RF;fine_tropical;0.55;24;916;24;56;0.637;0.348;0.375;0.814;0.334;0.3;0.974
RF;fine_vanilla;0.5;10;986;11;13;0.712;0.443;0.455;0.918;0.516;0.435;0.989
RF;fine_vegetable;0.55;12;948;15;45;0.597;0.279;0.286;0.875;0.312;0.211;0.984
RF;fine_vetiver;0.5;1;1010;1;8;0.555;0.233;0.182;0.897;0.227;0.111;0.999
RF;fine_violet;0.55;7;1004;2;7;0.749;0.62;0.609;0.914;0.619;0.5;0.998
RF;fine_warm;0.5;0;1001;0;19;0.5;0.0;0.0;0.663;0.06;0.0;1.0
RF;fine_waxy;0.6;47;889;32;52;0.72;0.487;0.528;0.891;0.57;0.475;0.965
RF;fine_weedy;0.4;0;1005;5;10;0.498;-0.007;0.0;0.654;0.022;0.0;0.995
RF;fine_winey;0.6;16;959;11;34;0.654;0.415;0.416;0.907;0.434;0.32;0.989
RF;fine_woody;0.6;66;849;36;69;0.724;0.506;0.557;0.85;0.601;0.489;0.959
XGB;fine_alcoholic;0.25;13;973;26;8;0.797;0.439;0.433;0.935;0.539;0.619;0.974
XGB;fine_aldehydic;0.9;5;992;1;22;0.592;0.387;0.303;0.941;0.457;0.185;0.999
XGB;fine_alliaceous;0.35;10;979;15;16;0.685;0.377;0.392;0.948;0.421;0.385;0.985
XGB;fine_almond;0.3;8;983;19;10;0.713;0.349;0.356;0.877;0.404;0.444;0.981
XGB;fine_amber;0.45;7;988;12;13;0.669;0.347;0.359;0.874;0.336;0.35;0.988
XGB;fine_animal;0.8;8;978;12;22;0.627;0.31;0.32;0.706;0.215;0.267;0.988
XGB;fine_anisic;0.25;10;977;20;13;0.707;0.364;0.377;0.897;0.381;0.435;0.98
XGB;fine_apple;0.85;27;938;15;40;0.694;0.483;0.495;0.914;0.502;0.403;0.984
XGB;fine_apricot;0.45;3;992;9;16;0.574;0.187;0.194;0.832;0.152;0.158;0.991
XGB;fine_aromatic;0.35;0;989;15;16;0.493;-0.015;0.0;0.7;0.045;0.0;0.985
XGB;fine_balsamic;0.8;15;947;14;44;0.62;0.337;0.341;0.851;0.331;0.254;0.985
XGB;fine_banana;0.6;13;975;14;18;0.703;0.433;0.448;0.926;0.459;0.419;0.986
XGB;fine_beefy;0.1;2;1004;7;7;0.608;0.215;0.222;0.969;0.282;0.222;0.993
XGB;fine_bergamot;0.1;4;1010;4;2;0.831;0.575;0.571;0.933;0.63;0.667;0.996
XGB;fine_berry;0.8;2;978;10;30;0.526;0.085;0.091;0.712;0.11;0.062;0.99
XGB;fine_bitter;0.2;3;999;8;10;0.611;0.242;0.25;0.816;0.193;0.231;0.992
XGB;fine_black currant;0.15;3;1006;6;5;0.685;0.348;0.353;0.903;0.419;0.375;0.994
XGB;fine_brandy;0.15;1;1003;7;9;0.547;0.104;0.111;0.828;0.094;0.1;0.993
XGB;fine_burnt;0.9;2;977;2;39;0.523;0.147;0.089;0.786;0.243;0.049;0.998
XGB;fine_buttery;0.85;5;987;5;23;0.587;0.288;0.263;0.916;0.446;0.179;0.995
XGB;fine_cabbage;0.1;3;999;10;8;0.631;0.242;0.25;0.93;0.27;0.273;0.99
XGB;fine_camphoreous;0.55;10;974;20;16;0.682;0.34;0.357;0.938;0.365;0.385;0.98
XGB;fine_caramellic;0.9;16;967;6;31;0.667;0.482;0.464;0.861;0.507;0.34;0.994
XGB;fine_cedar;0.1;2;1003;7;8;0.597;0.203;0.211;0.84;0.173;0.2;0.993
XGB;fine_celery;0.15;2;997;13;8;0.594;0.153;0.16;0.71;0.1;0.2;0.987
XGB;fine_chamomile;0.1;2;1011;2;5;0.642;0.375;0.364;0.74;0.331;0.286;0.998
XGB;fine_cheesy;0.9;10;974;4;32;0.617;0.4;0.357;0.881;0.42;0.238;0.996
XGB;fine_cherry;0.2;7;977;27;9;0.705;0.284;0.28;0.817;0.264;0.438;0.973
XGB;fine_chocolate;0.25;5;995;9;11;0.652;0.324;0.333;0.9;0.299;0.312;0.991
XGB;fine_cinnamon;0.1;3;998;10;9;0.62;0.231;0.24;0.866;0.289;0.25;0.99
XGB;fine_citrus;0.8;28;922;22;48;0.673;0.42;0.444;0.883;0.519;0.368;0.977
XGB;fine_clean;0.75;4;994;5;17;0.593;0.282;0.267;0.836;0.218;0.19;0.995
XGB;fine_clove;0.1;4;1004;9;3;0.781;0.414;0.4;0.881;0.275;0.571;0.991
XGB;fine_cocoa;0.75;5;994;4;17;0.612;0.347;0.323;0.876;0.417;0.227;0.996
XGB;fine_coconut;0.25;11;987;14;8;0.782;0.494;0.5;0.959;0.531;0.579;0.986
XGB;fine_coffee;0.45;6;976;22;16;0.625;0.223;0.24;0.915;0.269;0.273;0.978
XGB;fine_cognac;0.55;7;980;16;17;0.638;0.281;0.298;0.865;0.302;0.292;0.984
XGB;fine_cooked;0.35;0;989;10;21;0.495;-0.014;0.0;0.715;0.073;0.0;0.99
XGB;fine_cooling;0.2;3;988;16;13;0.586;0.158;0.171;0.79;0.182;0.188;0.984
XGB;fine_cortex;0.2;2;997;10;11;0.572;0.15;0.16;0.697;0.075;0.154;0.99
XGB;fine_coumarinic;0.15;9;996;10;5;0.816;0.545;0.545;0.912;0.614;0.643;0.99
XGB;fine_creamy;0.8;9;975;13;23;0.634;0.322;0.333;0.841;0.359;0.281;0.987
XGB;fine_cucumber;0.1;3;1003;9;5;0.683;0.3;0.3;0.961;0.348;0.375;0.991
XGB;fine_dairy;0.75;1;988;8;23;0.517;0.055;0.061;0.765;0.128;0.042;0.992
XGB;fine_dry;0.85;2;982;5;31;0.528;0.119;0.1;0.751;0.154;0.061;0.995
XGB;fine_earthy;0.75;13;925;20;62;0.576;0.224;0.241;0.739;0.255;0.173;0.979
XGB;fine_ethereal;0.85;35;949;15;21;0.805;0.643;0.66;0.963;0.766;0.625;0.984
XGB;fine_fatty;0.75;62;870;31;57;0.743;0.543;0.585;0.882;0.58;0.521;0.966
XGB;fine_fermented;0.8;11;980;12;17;0.69;0.419;0.431;0.893;0.421;0.393;0.988
XGB;fine_fishy;0.2;6;996;8;10;0.684;0.392;0.4;0.87;0.488;0.375;0.992
XGB;fine_floral;0.65;135;706;88;91;0.743;0.489;0.601;0.862;0.646;0.597;0.889
XGB;fine_fresh;0.7;31;861;49;79;0.614;0.263;0.326;0.757;0.3;0.282;0.946
XGB;fine_fruit skin;0.2;1;999;11;9;0.545;0.081;0.091;0.639;0.043;0.1;0.989
XGB;fine_fruity;0.55;270;557;83;110;0.79;0.59;0.737;0.872;0.809;0.711;0.87
XGB;fine_garlic;0.15;17;975;21;7;0.844;0.55;0.548;0.976;0.599;0.708;0.979
XGB;fine_gassy;0.15;1;1002;11;6;0.566;0.101;0.105;0.844;0.083;0.143;0.989
XGB;fine_geranium;0.2;5;1000;8;7;0.704;0.393;0.4;0.844;0.321;0.417;0.992
XGB;fine_grape;0.5;3;995;2;20;0.564;0.273;0.214;0.806;0.244;0.13;0.998
XGB;fine_grapefruit;0.2;6;996;7;11;0.673;0.395;0.4;0.802;0.209;0.353;0.993
XGB;fine_grassy;0.4;0;1004;6;10;0.497;-0.008;0.0;0.782;0.037;0.0;0.994
XGB;fine_green;0.55;179;609;109;123;0.72;0.447;0.607;0.827;0.682;0.593;0.848
XGB;fine_hawthorn;0.1;4;998;12;6;0.694;0.308;0.308;0.962;0.378;0.4;0.988
XGB;fine_hay;0.4;2;991;12;15;0.553;0.116;0.129;0.651;0.108;0.118;0.988
XGB;fine_hazelnut;0.1;7;998;8;7;0.746;0.476;0.483;0.935;0.313;0.5;0.992
XGB;fine_herbal;0.65;49;798;71;102;0.621;0.268;0.362;0.758;0.38;0.325;0.918
XGB;fine_honey;0.9;7;985;1;27;0.602;0.417;0.333;0.834;0.449;0.206;0.999
XGB;fine_hyacinth;0.25;4;1000;9;7;0.677;0.327;0.333;0.768;0.198;0.364;0.991
XGB;fine_jasmin;0.45;8;989;8;15;0.67;0.406;0.41;0.855;0.35;0.348;0.992
XGB;fine_juicy;0.35;0;1001;9;10;0.496;-0.009;0.0;0.775;0.034;0.0;0.991
XGB;fine_ketonic;0.15;7;1002;7;4;0.815;0.559;0.56;0.856;0.42;0.636;0.993
XGB;fine_lactonic;0.2;6;991;17;6;0.742;0.351;0.343;0.93;0.265;0.5;0.983
XGB;fine_lavender;0.1;2;1000;7;11;0.573;0.176;0.182;0.743;0.193;0.154;0.993
XGB;fine_leafy;0.8;0;986;7;27;0.496;-0.014;0.0;0.793;0.092;0.0;0.993
XGB;fine_leathery;0.2;5;995;12;8;0.686;0.327;0.333;0.829;0.291;0.385;0.988
XGB;fine_lemon;0.3;8;992;10;10;0.717;0.434;0.444;0.919;0.499;0.444;0.99
XGB;fine_lily;0.2;4;986;17;13;0.609;0.197;0.211;0.861;0.166;0.235;0.983
XGB;fine_malty;0.1;2;1007;8;3;0.696;0.278;0.267;0.847;0.28;0.4;0.992
XGB;fine_meaty;0.85;25;947;13;35;0.702;0.501;0.51;0.931;0.626;0.417;0.986
XGB;fine_medicinal;0.2;7;981;25;7;0.738;0.317;0.304;0.817;0.266;0.5;0.975
XGB;fine_melon;0.6;6;981;11;22;0.602;0.259;0.267;0.828;0.239;0.214;0.989
XGB;fine_metallic;0.9;1;991;1;27;0.517;0.128;0.067;0.676;0.146;0.036;0.999
XGB;fine_milky;0.65;3;999;4;14;0.586;0.267;0.25;0.772;0.212;0.176;0.996
XGB;fine_mint;0.85;15;968;7;30;0.663;0.461;0.448;0.848;0.491;0.333;0.993
XGB;fine_muguet;0.1;5;995;12;8;0.686;0.327;0.333;0.931;0.3;0.385;0.988
XGB;fine_mushroom;0.5;6;987;6;21;0.608;0.322;0.308;0.843;0.291;0.222;0.994
XGB;fine_musk;0.2;13;993;7;7;0.822;0.643;0.65;0.916;0.682;0.65;0.993
XGB;fine_musty;0.8;4;968;9;39;0.542;0.15;0.143;0.743;0.172;0.093;0.991
XGB;fine_natural;0.5;1;1003;5;11;0.539;0.111;0.111;0.519;0.097;0.083;0.995
XGB;fine_nutty;0.8;30;933;15;42;0.7;0.5;0.513;0.833;0.503;0.417;0.984
XGB;fine_odorless;0.15;25;954;26;15;0.799;0.533;0.549;0.961;0.685;0.625;0.973
XGB;fine_oily;0.75;26;901;38;55;0.64;0.313;0.359;0.781;0.32;0.321;0.96
XGB;fine_onion;0.4;18;968;17;17;0.749;0.497;0.514;0.972;0.545;0.514;0.983
XGB;fine_orange;0.55;6;991;6;17;0.627;0.351;0.343;0.893;0.376;0.261;0.994
XGB;fine_orangeflower;0.1;6;1008;3;3;0.832;0.664;0.667;0.928;0.714;0.667;0.997
XGB;fine_orris;0.25;4;997;10;9;0.649;0.287;0.296;0.739;0.15;0.308;0.99
XGB;fine_ozone;0.1;1;1001;12;6;0.566;0.096;0.1;0.743;0.04;0.143;0.988
XGB;fine_peach;0.45;4;995;9;12;0.621;0.267;0.276;0.797;0.219;0.25;0.991
XGB;fine_pear;0.85;5;989;5;21;0.594;0.3;0.278;0.895;0.296;0.192;0.995
XGB;fine_phenolic;0.85;22;970;14;14;0.798;0.597;0.611;0.946;0.54;0.611;0.986
XGB;fine_pine;0.35;6;995;10;9;0.695;0.378;0.387;0.983;0.548;0.4;0.99
XGB;fine_pineapple;0.85;12;963;11;34;0.625;0.349;0.348;0.911;0.453;0.261;0.989
XGB;fine_plum;0.3;2;999;7;12;0.568;0.169;0.174;0.853;0.243;0.143;0.993
XGB;fine_popcorn;0.1;4;1009;5;2;0.831;0.541;0.533;0.994;0.608;0.667;0.995
XGB;fine_potato;0.15;3;993;15;9;0.618;0.193;0.2;0.786;0.184;0.25;0.985
XGB;fine_powdery;0.8;7;971;15;27;0.595;0.236;0.25;0.796;0.215;0.206;0.985
XGB;fine_pungent;0.8;11;961;12;36;0.611;0.313;0.314;0.831;0.304;0.234;0.988
XGB;fine_radish;0.1;3;994;11;12;0.595;0.196;0.207;0.815;0.187;0.2;0.989
XGB;fine_raspberry;0.1;0;1007;5;8;0.498;-0.006;0.0;0.779;0.041;0.0;0.995
XGB;fine_ripe;0.55;4;991;8;17;0.591;0.24;0.242;0.759;0.127;0.19;0.992
XGB;fine_roasted;0.8;25;944;16;35;0.7;0.479;0.495;0.895;0.508;0.417;0.983
XGB;fine_rose;0.8;24;934;18;44;0.667;0.419;0.436;0.908;0.566;0.353;0.981
XGB;fine_rummy;0.4;6;977;19;18;0.615;0.226;0.245;0.803;0.233;0.25;0.981
XGB;fine_sandalwood;0.1;5;1009;4;2;0.855;0.627;0.625;0.992;0.743;0.714;0.996
XGB;fine_savory;0.6;6;980;14;20;0.608;0.246;0.261;0.865;0.214;0.231;0.986
XGB;fine_sharp;0.8;1;990;5;24;0.517;0.071;0.065;0.761;0.131;0.04;0.995
XGB;fine_smoky;0.2;6;989;17;8;0.706;0.323;0.324;0.924;0.329;0.429;0.983
XGB;fine_soapy;0.1;2;993;10;15;0.554;0.128;0.138;0.788;0.124;0.118;0.99
XGB;fine_solvent;0.1;7;990;18;5;0.783;0.394;0.378;0.796;0.334;0.583;0.982
XGB;fine_sour;0.2;7;991;11;11;0.689;0.378;0.389;0.8;0.285;0.389;0.989
XGB;fine_spicy;0.7;33;877;50;60;0.65;0.317;0.375;0.805;0.415;0.355;0.946
XGB;fine_strawberry;0.1;3;995;10;12;0.595;0.204;0.214;0.848;0.175;0.2;0.99
XGB;fine_sulfurous;0.8;63;919;21;17;0.883;0.748;0.768;0.987;0.803;0.787;0.978
XGB;fine_sweaty;0.1;2;1001;11;6;0.62;0.188;0.19;0.776;0.064;0.25;0.989
XGB;fine_sweet;0.6;164;587;148;121;0.687;0.364;0.549;0.741;0.54;0.575;0.799
XGB;fine_tea;0.35;1;1004;5;10;0.543;0.116;0.118;0.777;0.08;0.091;0.995
XGB;fine_terpenic;0.15;3;1003;7;7;0.647;0.293;0.3;0.906;0.18;0.3;0.993
XGB;fine_tobacco;0.75;5;995;2;18;0.608;0.387;0.333;0.881;0.383;0.217;0.998
XGB;fine_tomato;0.1;1;1005;9;5;0.579;0.122;0.125;0.859;0.043;0.167;0.991
XGB;fine_tropical;0.8;17;924;16;63;0.598;0.297;0.301;0.836;0.324;0.212;0.983
XGB;fine_vanilla;0.2;14;973;24;9;0.792;0.458;0.459;0.916;0.504;0.609;0.976
XGB;fine_vegetable;0.8;7;951;12;50;0.555;0.187;0.184;0.833;0.27;0.123;0.988
XGB;fine_vetiver;0.1;3;1003;8;6;0.663;0.295;0.3;0.876;0.369;0.333;0.992
XGB;fine_violet;0.2;10;991;15;4;0.85;0.526;0.513;0.896;0.633;0.714;0.985
XGB;fine_warm;0.6;1;1000;1;18;0.526;0.158;0.095;0.681;0.076;0.053;0.999
XGB;fine_waxy;0.8;47;893;28;52;0.722;0.504;0.54;0.902;0.588;0.475;0.97
XGB;fine_weedy;0.1;0;1003;7;10;0.497;-0.008;0.0;0.507;0.021;0.0;0.993
XGB;fine_winey;0.9;10;962;8;40;0.596;0.314;0.294;0.913;0.401;0.2;0.992
XGB;fine_woody;0.7;62;837;48;73;0.703;0.442;0.506;0.846;0.579;0.459;0.946
SVM;fine_alcoholic;0.45;10;988;11;11;0.733;0.465;0.476;0.912;0.379;0.476;0.989
SVM;fine_aldehydic;0.25;11;979;14;16;0.697;0.408;0.423;0.946;0.484;0.407;0.986
SVM;fine_alliaceous;0.35;9;984;10;17;0.668;0.392;0.4;0.963;0.417;0.346;0.99
SVM;fine_almond;0.3;5;995;7;13;0.635;0.331;0.333;0.886;0.32;0.278;0.993
SVM;fine_amber;0.45;0;998;2;20;0.499;-0.006;0.0;0.912;0.183;0.0;0.998
SVM;fine_animal;0.35;3;981;9;27;0.545;0.142;0.143;0.712;0.183;0.1;0.991
SVM;fine_anisic;0.3;4;994;3;19;0.585;0.307;0.267;0.88;0.312;0.174;0.997
SVM;fine_apple;0.35;33;919;34;34;0.728;0.457;0.493;0.921;0.485;0.493;0.964
SVM;fine_apricot;0.1;8;976;25;11;0.698;0.303;0.308;0.847;0.292;0.421;0.975
SVM;fine_aromatic;0.15;1;1002;2;15;0.53;0.139;0.105;0.769;0.094;0.062;0.998
SVM;fine_balsamic;0.4;15;940;21;44;0.616;0.294;0.316;0.879;0.38;0.254;0.978
SVM;fine_banana;0.2;12;969;20;19;0.683;0.361;0.381;0.939;0.367;0.387;0.98
SVM;fine_beefy;0.2;1;1006;5;8;0.553;0.13;0.133;0.931;0.238;0.111;0.995
SVM;fine_bergamot;0.3;3;1014;0;3;0.75;0.706;0.667;0.979;0.66;0.5;1.0
SVM;fine_berry;0.2;3;975;13;29;0.54;0.113;0.125;0.768;0.103;0.094;0.987
SVM;fine_bitter;0.25;1;1007;0;12;0.538;0.276;0.143;0.697;0.178;0.077;1.0
SVM;fine_black currant;0.45;1;1011;1;7;0.562;0.247;0.2;0.919;0.283;0.125;0.999
SVM;fine_brandy;0.15;0;1006;4;10;0.498;-0.006;0.0;0.884;0.094;0.0;0.996
SVM;fine_burnt;0.3;9;963;16;32;0.602;0.258;0.273;0.816;0.28;0.22;0.984
SVM;fine_buttery;0.25;11;981;11;17;0.691;0.429;0.44;0.939;0.427;0.393;0.989
SVM;fine_cabbage;0.35;1;1007;2;10;0.544;0.17;0.143;0.917;0.207;0.091;0.998
SVM;fine_camphoreous;0.4;6;989;5;20;0.613;0.344;0.324;0.947;0.483;0.231;0.995
SVM;fine_caramellic;0.4;25;952;21;22;0.755;0.516;0.538;0.86;0.475;0.532;0.978
SVM;fine_cedar;0.55;0;1010;0;10;0.5;0.0;0.0;0.865;0.266;0.0;1.0
SVM;fine_celery;0.15;1;1006;4;9;0.548;0.135;0.133;0.736;0.106;0.1;0.996
SVM;fine_chamomile;0.3;1;1013;0;6;0.571;0.377;0.25;0.811;0.36;0.143;1.0
SVM;fine_cheesy;0.3;16;958;20;26;0.68;0.388;0.41;0.883;0.378;0.381;0.98
SVM;fine_cherry;0.25;5;993;11;11;0.651;0.302;0.312;0.875;0.247;0.312;0.989
SVM;fine_chocolate;0.25;1;1001;3;15;0.53;0.118;0.1;0.894;0.258;0.062;0.997
SVM;fine_cinnamon;0.35;2;1007;1;10;0.583;0.33;0.267;0.881;0.398;0.167;0.999
SVM;fine_citrus;0.45;28;924;20;48;0.674;0.431;0.452;0.892;0.502;0.368;0.979
SVM;fine_clean;0.15;2;993;6;19;0.545;0.144;0.138;0.813;0.224;0.095;0.994
SVM;fine_clove;0.45;1;1011;2;6;0.57;0.215;0.2;0.785;0.38;0.143;0.998
SVM;fine_cocoa;0.3;6;992;6;16;0.633;0.359;0.353;0.886;0.36;0.273;0.994
SVM;fine_coconut;0.25;9;987;14;10;0.73;0.419;0.429;0.965;0.311;0.474;0.986
SVM;fine_coffee;0.35;3;989;9;19;0.564;0.172;0.176;0.953;0.267;0.136;0.991
SVM;fine_cognac;0.3;8;982;14;16;0.66;0.333;0.348;0.901;0.268;0.333;0.986
SVM;fine_cooked;0.15;1;994;5;20;0.521;0.079;0.074;0.76;0.166;0.048;0.995
SVM;fine_cooling;0.4;2;1000;4;14;0.561;0.197;0.182;0.822;0.189;0.125;0.996
SVM;fine_cortex;0.1;1;1005;2;12;0.537;0.155;0.125;0.643;0.069;0.077;0.998
SVM;fine_coumarinic;0.4;3;1005;1;11;0.607;0.397;0.333;0.947;0.532;0.214;0.999
SVM;fine_creamy;0.15;13;945;43;19;0.681;0.278;0.295;0.828;0.304;0.406;0.956
SVM;fine_cucumber;0.25;2;1008;4;6;0.623;0.284;0.286;0.992;0.519;0.25;0.996
SVM;fine_dairy;0.2;3;977;19;21;0.553;0.111;0.13;0.792;0.093;0.125;0.981
SVM;fine_dry;0.1;3;964;23;30;0.534;0.076;0.102;0.697;0.092;0.091;0.977
SVM;fine_earthy;0.25;12;913;32;63;0.563;0.162;0.202;0.744;0.206;0.16;0.966
SVM;fine_ethereal;0.35;39;935;29;17;0.833;0.608;0.629;0.961;0.725;0.696;0.97
SVM;fine_fatty;0.45;59;872;29;60;0.732;0.53;0.57;0.892;0.576;0.496;0.968
SVM;fine_fermented;0.2;11;948;44;17;0.674;0.252;0.265;0.91;0.287;0.393;0.956
SVM;fine_fishy;0.35;4;1003;1;12;0.625;0.443;0.381;0.907;0.475;0.25;0.999
SVM;fine_floral;0.55;111;744;50;115;0.714;0.488;0.574;0.874;0.618;0.491;0.937
SVM;fine_fresh;0.25;30;859;51;80;0.608;0.249;0.314;0.765;0.332;0.273;0.944
SVM;fine_fruit skin;0.1;1;1000;10;9;0.545;0.086;0.095;0.679;0.053;0.1;0.99
SVM;fine_fruity;0.45;272;541;99;108;0.781;0.564;0.724;0.867;0.801;0.716;0.845
SVM;fine_garlic;0.4;13;991;5;11;0.768;0.618;0.619;0.983;0.684;0.542;0.995
SVM;fine_gassy;0.35;0;1012;1;7;0.5;-0.003;0.0;0.953;0.13;0.0;0.999
SVM;fine_geranium;0.25;3;1006;2;9;0.624;0.383;0.353;0.752;0.262;0.25;0.998
SVM;fine_grape;0.25;3;992;5;20;0.563;0.211;0.194;0.796;0.182;0.13;0.995
SVM;fine_grapefruit;0.35;4;999;4;13;0.616;0.336;0.32;0.845;0.354;0.235;0.996
SVM;fine_grassy;0.15;0;1010;0;10;0.5;0.0;0.0;0.82;0.045;0.0;1.0
SVM;fine_green;0.4;179;615;103;123;0.725;0.459;0.613;0.834;0.684;0.593;0.857
SVM;fine_hawthorn;0.3;3;1009;1;7;0.65;0.471;0.429;0.957;0.433;0.3;0.999
SVM;fine_hay;0.2;3;999;4;14;0.586;0.267;0.25;0.669;0.201;0.176;0.996
SVM;fine_hazelnut;0.3;4;1003;3;10;0.641;0.398;0.381;0.971;0.357;0.286;0.997
SVM;fine_herbal;0.35;46;799;70;105;0.612;0.251;0.345;0.755;0.36;0.305;0.919
SVM;fine_honey;0.3;14;977;9;20;0.701;0.487;0.491;0.878;0.397;0.412;0.991
SVM;fine_hyacinth;0.15;1;1004;5;10;0.543;0.116;0.118;0.898;0.253;0.091;0.995
SVM;fine_jasmin;0.4;4;993;4;19;0.585;0.286;0.258;0.875;0.327;0.174;0.996
SVM;fine_juicy;0.1;0;1006;4;10;0.498;-0.006;0.0;0.84;0.078;0.0;0.996
SVM;fine_ketonic;0.45;2;1004;5;9;0.588;0.221;0.222;0.924;0.353;0.182;0.995
SVM;fine_lactonic;0.3;2;1004;4;10;0.581;0.229;0.222;0.913;0.263;0.167;0.996
SVM;fine_lavender;0.3;1;1007;0;12;0.538;0.276;0.143;0.874;0.207;0.077;1.0
SVM;fine_leafy;0.1;5;969;24;22;0.581;0.156;0.179;0.756;0.098;0.185;0.976
SVM;fine_leathery;0.25;1;1004;3;12;0.537;0.133;0.118;0.892;0.216;0.077;0.997
SVM;fine_lemon;0.2;7;992;10;11;0.689;0.39;0.4;0.934;0.421;0.389;0.99
SVM;fine_lily;0.3;2;997;6;15;0.556;0.162;0.16;0.859;0.16;0.118;0.994
SVM;fine_malty;0.4;1;1015;0;4;0.6;0.446;0.333;0.874;0.28;0.2;1.0
SVM;fine_meaty;0.45;21;948;12;39;0.669;0.449;0.452;0.943;0.544;0.35;0.988
SVM;fine_medicinal;0.25;7;995;11;7;0.745;0.432;0.438;0.892;0.396;0.5;0.989
SVM;fine_melon;0.2;6;979;13;22;0.601;0.243;0.255;0.815;0.208;0.214;0.987
SVM;fine_metallic;0.1;5;973;19;23;0.58;0.172;0.192;0.714;0.102;0.179;0.981
SVM;fine_milky;0.2;2;999;4;15;0.557;0.19;0.174;0.759;0.155;0.118;0.996
SVM;fine_mint;0.4;15;970;5;30;0.664;0.486;0.462;0.86;0.515;0.333;0.995
SVM;fine_muguet;0.35;2;1005;2;11;0.576;0.273;0.235;0.952;0.293;0.154;0.998
SVM;fine_mushroom;0.2;6;985;8;21;0.607;0.295;0.293;0.878;0.215;0.222;0.992
SVM;fine_musk;0.65;8;999;1;12;0.7;0.592;0.552;0.906;0.499;0.4;0.999
SVM;fine_musty;0.15;7;951;26;36;0.568;0.155;0.184;0.769;0.145;0.163;0.973
SVM;fine_natural;0.1;1;1007;1;11;0.541;0.201;0.143;0.682;0.061;0.083;0.999
SVM;fine_nutty;0.4;31;930;18;41;0.706;0.493;0.512;0.843;0.502;0.431;0.981
SVM;fine_odorless;0.9;4;975;5;36;0.547;0.197;0.163;0.97;0.467;0.1;0.995
SVM;fine_oily;0.25;32;876;63;49;0.664;0.305;0.364;0.795;0.28;0.395;0.933
SVM;fine_onion;0.4;12;972;13;23;0.665;0.388;0.4;0.961;0.478;0.343;0.987
SVM;fine_orange;0.15;11;977;20;12;0.729;0.396;0.407;0.902;0.444;0.478;0.98
SVM;fine_orangeflower;0.45;0;1011;0;9;0.5;0.0;0.0;0.906;0.721;0.0;1.0
SVM;fine_orris;0.3;1;1004;3;12;0.537;0.133;0.118;0.754;0.12;0.077;0.997
SVM;fine_ozone;0.55;0;1012;1;7;0.5;-0.003;0.0;0.808;0.055;0.0;0.999
SVM;fine_peach;0.15;3;986;18;13;0.585;0.148;0.162;0.868;0.101;0.188;0.982
SVM;fine_pear;0.25;9;988;6;17;0.67;0.445;0.439;0.889;0.378;0.346;0.994
SVM;fine_phenolic;0.4;20;962;22;16;0.767;0.495;0.513;0.932;0.496;0.556;0.978
SVM;fine_pine;0.45;3;1003;2;12;0.599;0.341;0.3;0.972;0.443;0.2;0.998
SVM;fine_pineapple;0.3;23;956;18;23;0.741;0.509;0.529;0.92;0.537;0.5;0.982
SVM;fine_plum;0.15;3;1005;1;11;0.607;0.397;0.333;0.829;0.311;0.214;0.999
SVM;fine_popcorn;0.6;2;1011;3;4;0.665;0.362;0.364;0.982;0.586;0.333;0.997
SVM;fine_potato;0.3;0;1004;4;12;0.498;-0.007;0.0;0.784;0.101;0.0;0.996
SVM;fine_powdery;0.25;9;979;7;25;0.629;0.372;0.36;0.868;0.364;0.265;0.993
SVM;fine_pungent;0.25;15;939;34;32;0.642;0.279;0.312;0.81;0.305;0.319;0.965
SVM;fine_radish;0.4;1;1004;1;14;0.533;0.179;0.118;0.84;0.201;0.067;0.999
SVM;fine_raspberry;0.1;0;1012;0;8;0.5;0.0;0.0;0.851;0.151;0.0;1.0
SVM;fine_ripe;0.1;8;960;39;13;0.671;0.232;0.235;0.844;0.121;0.381;0.961
SVM;fine_roasted;0.45;25;946;14;35;0.701;0.493;0.505;0.916;0.568;0.417;0.985
SVM;fine_rose;0.35;34;929;23;34;0.738;0.517;0.544;0.915;0.573;0.5;0.976
SVM;fine_rummy;0.15;6;988;8;18;0.621;0.315;0.316;0.88;0.33;0.25;0.992
SVM;fine_sandalwood;0.8;2;1013;0;5;0.643;0.533;0.444;0.959;0.63;0.286;1.0
SVM;fine_savory;0.2;8;975;19;18;0.644;0.283;0.302;0.85;0.175;0.308;0.981
SVM;fine_sharp;0.15;5;984;11;20;0.594;0.235;0.244;0.822;0.143;0.2;0.989
SVM;fine_smoky;0.35;5;998;8;9;0.675;0.362;0.37;0.933;0.415;0.357;0.992
SVM;fine_soapy;0.1;2;994;9;15;0.554;0.135;0.143;0.79;0.141;0.118;0.991
SVM;fine_solvent;0.4;3;1002;6;9;0.622;0.281;0.286;0.888;0.352;0.25;0.994
SVM;fine_sour;0.25;5;995;7;13;0.635;0.331;0.333;0.857;0.274;0.278;0.993
SVM;fine_spicy;0.35;26;902;25;67;0.626;0.334;0.361;0.827;0.364;0.28;0.973
SVM;fine_strawberry;0.1;2;998;7;13;0.563;0.163;0.167;0.875;0.164;0.133;0.993
SVM;fine_sulfurous;0.6;43;929;11;37;0.763;0.631;0.642;0.982;0.76;0.537;0.988
SVM;fine_sweaty;0.15;2;1010;2;6;0.624;0.35;0.333;0.856;0.271;0.25;0.998
SVM;fine_sweet;0.35;198;516;219;87;0.698;0.362;0.564;0.772;0.558;0.695;0.702
SVM;fine_tea;0.5;0;1009;0;11;0.5;0.0;0.0;0.745;0.068;0.0;1.0
SVM;fine_terpenic;0.45;0;1007;3;10;0.499;-0.005;0.0;0.946;0.13;0.0;0.997
SVM;fine_tobacco;0.4;3;992;5;20;0.563;0.211;0.194;0.864;0.227;0.13;0.995
SVM;fine_tomato;0.25;0;1010;4;6;0.498;-0.005;0.0;0.862;0.051;0.0;0.996
SVM;fine_tropical;0.3;25;912;28;55;0.641;0.342;0.376;0.84;0.387;0.312;0.97
SVM;fine_vanilla;0.5;8;989;8;15;0.67;0.406;0.41;0.882;0.468;0.348;0.992
SVM;fine_vegetable;0.3;13;945;18;44;0.605;0.28;0.295;0.839;0.296;0.228;0.981
SVM;fine_vetiver;0.4;0;1011;0;9;0.5;0.0;0.0;0.9;0.344;0.0;1.0
SVM;fine_violet;0.3;6;1006;0;8;0.714;0.652;0.6;0.907;0.717;0.429;1.0
SVM;fine_warm;0.5;0;1001;0;19;0.5;0.0;0.0;0.593;0.05;0.0;1.0
SVM;fine_waxy;0.4;55;881;40;44;0.756;0.522;0.567;0.896;0.501;0.556;0.957
SVM;fine_weedy;0.5;0;1010;0;10;0.5;0.0;0.0;0.647;0.029;0.0;1.0
SVM;fine_winey;0.25;22;939;31;28;0.704;0.397;0.427;0.916;0.361;0.44;0.968
SVM;fine_woody;0.55;36;863;22;99;0.621;0.354;0.373;0.84;0.493;0.267;0.975
KNN;fine_alcoholic;0.4;12;987;12;9;0.78;0.524;0.533;0.816;0.35;0.571;0.988
KNN;fine_aldehydic;0.2;11;980;13;16;0.697;0.418;0.431;0.838;0.283;0.407;0.987
KNN;fine_alliaceous;0.2;9;976;18;17;0.664;0.322;0.34;0.842;0.322;0.346;0.982
KNN;fine_almond;0.2;8;988;14;10;0.715;0.39;0.4;0.808;0.267;0.444;0.986
KNN;fine_amber;0.2;7;986;14;13;0.668;0.328;0.341;0.78;0.193;0.35;0.986
KNN;fine_animal;0.2;5;965;25;25;0.571;0.141;0.167;0.656;0.08;0.167;0.975
KNN;fine_anisic;0.2;10;983;14;13;0.71;0.412;0.426;0.787;0.341;0.435;0.986
KNN;fine_apple;0.2;35;900;53;32;0.733;0.412;0.452;0.855;0.402;0.522;0.944
KNN;fine_apricot;0.2;3;992;9;16;0.574;0.187;0.194;0.728;0.091;0.158;0.991
KNN;fine_aromatic;0.1;7;937;67;9;0.685;0.178;0.156;0.688;0.115;0.438;0.933
KNN;fine_balsamic;0.2;23;900;61;36;0.663;0.277;0.322;0.781;0.254;0.39;0.937
KNN;fine_banana;0.2;10;962;27;21;0.648;0.271;0.294;0.88;0.245;0.323;0.973
KNN;fine_beefy;0.2;0;1002;9;9;0.496;-0.009;0.0;0.814;0.103;0.0;0.991
KNN;fine_bergamot;0.2;4;1014;0;2;0.833;0.816;0.8;0.83;0.669;0.667;1.0
KNN;fine_berry;0.2;6;969;19;26;0.584;0.19;0.211;0.683;0.106;0.188;0.981
KNN;fine_bitter;0.2;2;1001;6;11;0.574;0.188;0.19;0.629;0.147;0.154;0.994
KNN;fine_black currant;0.2;2;1008;4;6;0.623;0.284;0.286;0.864;0.179;0.25;0.996
KNN;fine_brandy;0.2;1;1006;4;9;0.548;0.135;0.133;0.63;0.04;0.1;0.996
KNN;fine_burnt;0.2;7;945;34;34;0.568;0.136;0.171;0.67;0.095;0.171;0.965
KNN;fine_buttery;0.2;11;973;19;17;0.687;0.361;0.379;0.808;0.282;0.393;0.981
KNN;fine_cabbage;0.2;1;1004;5;10;0.543;0.116;0.118;0.716;0.086;0.091;0.995
KNN;fine_camphoreous;0.2;14;974;20;12;0.759;0.455;0.467;0.88;0.412;0.538;0.98
KNN;fine_caramellic;0.2;24;946;27;23;0.741;0.465;0.49;0.809;0.392;0.511;0.972
KNN;fine_cedar;0.2;3;999;11;7;0.645;0.245;0.25;0.736;0.131;0.3;0.989
KNN;fine_celery;0.1;4;977;33;6;0.684;0.194;0.17;0.687;0.178;0.4;0.967
KNN;fine_chamomile;0.2;2;1011;2;5;0.642;0.375;0.364;0.638;0.219;0.286;0.998
KNN;fine_cheesy;0.2;23;957;21;19;0.763;0.515;0.535;0.815;0.367;0.548;0.979
KNN;fine_cherry;0.2;7;991;13;9;0.712;0.38;0.389;0.725;0.195;0.438;0.987
KNN;fine_chocolate;0.2;2;997;7;14;0.559;0.157;0.16;0.82;0.143;0.125;0.993
KNN;fine_cinnamon;0.2;2;1001;7;10;0.58;0.184;0.19;0.813;0.218;0.167;0.993
KNN;fine_citrus;0.2;47;876;68;29;0.773;0.454;0.492;0.831;0.381;0.618;0.928
KNN;fine_clean;0.2;3;988;11;18;0.566;0.161;0.171;0.673;0.07;0.143;0.989
KNN;fine_clove;0.2;4;1009;4;3;0.784;0.531;0.533;0.779;0.26;0.571;0.996
KNN;fine_cocoa;0.2;9;982;16;13;0.697;0.369;0.383;0.811;0.324;0.409;0.984
KNN;fine_coconut;0.2;7;989;12;12;0.678;0.356;0.368;0.82;0.35;0.368;0.988
KNN;fine_coffee;0.2;6;976;22;16;0.625;0.223;0.24;0.804;0.214;0.273;0.978
KNN;fine_cognac;0.4;5;986;10;19;0.599;0.25;0.256;0.742;0.167;0.208;0.99
KNN;fine_cooked;0.1;8;950;49;13;0.666;0.205;0.205;0.668;0.091;0.381;0.951
KNN;fine_cooling;0.2;3;994;10;13;0.589;0.197;0.207;0.697;0.085;0.188;0.99
KNN;fine_cortex;0.1;3;956;51;10;0.59;0.09;0.09;0.59;0.023;0.231;0.949
KNN;fine_coumarinic;0.2;6;998;8;8;0.71;0.421;0.429;0.771;0.205;0.429;0.992
KNN;fine_creamy;0.2;8;961;27;24;0.611;0.213;0.239;0.715;0.176;0.25;0.973
KNN;fine_cucumber;0.2;4;1008;4;4;0.748;0.496;0.5;0.992;0.493;0.5;0.996
KNN;fine_dairy;0.2;4;977;19;20;0.574;0.151;0.17;0.668;0.103;0.167;0.981
KNN;fine_dry;0.2;8;967;20;25;0.611;0.241;0.262;0.63;0.125;0.242;0.98
KNN;fine_earthy;0.2;16;900;45;59;0.583;0.182;0.235;0.692;0.161;0.213;0.952
KNN;fine_ethereal;0.2;45;910;54;11;0.874;0.575;0.581;0.916;0.59;0.804;0.944
KNN;fine_fatty;0.2;80;822;79;39;0.792;0.517;0.576;0.831;0.463;0.672;0.912
KNN;fine_fermented;0.2;12;964;28;16;0.7;0.337;0.353;0.749;0.3;0.429;0.972
KNN;fine_fishy;0.2;7;999;5;9;0.716;0.498;0.5;0.799;0.389;0.438;0.995
KNN;fine_floral;0.2;181;618;176;45;0.79;0.504;0.621;0.847;0.576;0.801;0.778
KNN;fine_fresh;0.2;36;813;97;74;0.61;0.203;0.296;0.681;0.216;0.327;0.893
KNN;fine_fruit skin;0.1;2;961;49;8;0.576;0.068;0.066;0.578;0.112;0.2;0.951
KNN;fine_fruity;0.4;255;558;82;125;0.771;0.558;0.711;0.831;0.725;0.671;0.872
KNN;fine_garlic;0.2;17;987;9;7;0.85;0.673;0.68;0.927;0.571;0.708;0.991
KNN;fine_gassy;0.1;1;992;21;6;0.561;0.069;0.069;0.561;0.012;0.143;0.979
KNN;fine_geranium;0.2;4;997;11;8;0.661;0.289;0.296;0.735;0.175;0.333;0.989
KNN;fine_grape;0.2;3;995;2;20;0.564;0.273;0.214;0.696;0.177;0.13;0.998
KNN;fine_grapefruit;0.2;5;996;7;12;0.644;0.341;0.345;0.781;0.257;0.294;0.993
KNN;fine_grassy;0.1;3;951;59;7;0.621;0.1;0.083;0.62;0.021;0.3;0.942
KNN;fine_green;0.2;215;521;197;87;0.719;0.407;0.602;0.786;0.584;0.712;0.726
KNN;fine_hawthorn;0.1;6;982;28;4;0.786;0.314;0.273;0.789;0.169;0.6;0.972
KNN;fine_hay;0.2;3;994;9;14;0.584;0.199;0.207;0.623;0.08;0.176;0.991
KNN;fine_hazelnut;0.2;4;997;9;10;0.638;0.287;0.296;0.776;0.199;0.286;0.991
KNN;fine_herbal;0.2;63;751;118;88;0.641;0.262;0.38;0.703;0.281;0.417;0.864
KNN;fine_honey;0.2;13;961;25;21;0.678;0.338;0.361;0.801;0.313;0.382;0.975
KNN;fine_hyacinth;0.2;3;998;11;8;0.631;0.232;0.24;0.836;0.181;0.273;0.989
KNN;fine_jasmin;0.2;8;988;9;15;0.669;0.393;0.4;0.787;0.346;0.348;0.991
KNN;fine_juicy;0.1;5;954;56;5;0.722;0.185;0.141;0.721;0.046;0.5;0.945
KNN;fine_ketonic;0.2;6;1004;5;5;0.77;0.54;0.545;0.852;0.305;0.545;0.995
KNN;fine_lactonic;0.2;4;1001;7;8;0.663;0.341;0.348;0.776;0.154;0.333;0.993
KNN;fine_lavender;0.1;4;975;32;9;0.638;0.168;0.163;0.641;0.152;0.308;0.968
KNN;fine_leafy;0.2;5;978;15;22;0.585;0.197;0.213;0.674;0.087;0.185;0.985
KNN;fine_leathery;0.1;7;953;54;6;0.742;0.229;0.189;0.751;0.261;0.538;0.946
KNN;fine_lemon;0.2;8;990;12;10;0.716;0.411;0.421;0.838;0.249;0.444;0.988
KNN;fine_lily;0.2;4;994;9;13;0.613;0.258;0.267;0.684;0.104;0.235;0.991
KNN;fine_malty;0.2;1;1011;4;4;0.598;0.196;0.2;0.687;0.215;0.2;0.996
KNN;fine_meaty;0.2;31;930;30;29;0.743;0.482;0.512;0.863;0.426;0.517;0.969
KNN;fine_medicinal;0.2;6;984;22;8;0.703;0.29;0.286;0.828;0.169;0.429;0.978
KNN;fine_melon;0.2;7;980;12;21;0.619;0.288;0.298;0.661;0.152;0.25;0.988
KNN;fine_metallic;0.2;2;975;17;26;0.527;0.066;0.085;0.658;0.121;0.071;0.983
KNN;fine_milky;0.2;2;994;9;15;0.554;0.135;0.143;0.673;0.134;0.118;0.991
KNN;fine_mint;0.2;22;948;27;23;0.731;0.443;0.468;0.819;0.398;0.489;0.972
KNN;fine_muguet;0.2;5;1005;2;8;0.691;0.52;0.5;0.796;0.364;0.385;0.998
KNN;fine_mushroom;0.2;6;987;6;21;0.608;0.322;0.308;0.661;0.204;0.222;0.994
KNN;fine_musk;0.2;13;992;8;7;0.821;0.627;0.634;0.866;0.538;0.65;0.992
KNN;fine_musty;0.2;3;946;31;40;0.519;0.043;0.078;0.661;0.074;0.07;0.968
KNN;fine_natural;0.1;2;960;48;10;0.56;0.059;0.065;0.561;0.03;0.167;0.952
KNN;fine_nutty;0.2;37;891;57;35;0.727;0.402;0.446;0.788;0.37;0.514;0.94
KNN;fine_odorless;0.2;23;968;12;17;0.781;0.6;0.613;0.84;0.549;0.575;0.988
KNN;fine_oily;0.2;35;863;76;46;0.676;0.305;0.365;0.775;0.285;0.432;0.919
KNN;fine_onion;0.2;19;968;17;16;0.763;0.519;0.535;0.841;0.454;0.543;0.983
KNN;fine_orange;0.2;10;982;15;13;0.71;0.403;0.417;0.737;0.275;0.435;0.985
KNN;fine_orangeflower;0.1;8;1000;11;1;0.939;0.607;0.571;0.942;0.697;0.889;0.989
KNN;fine_orris;0.2;1;1001;6;12;0.535;0.096;0.1;0.628;0.063;0.077;0.994
KNN;fine_ozone;0.2;1;1010;3;6;0.57;0.185;0.182;0.628;0.049;0.143;0.997
KNN;fine_peach;0.2;4;996;8;12;0.621;0.279;0.286;0.66;0.103;0.25;0.992
KNN;fine_pear;0.2;10;973;21;16;0.682;0.334;0.351;0.738;0.207;0.385;0.979
KNN;fine_phenolic;0.4;20;960;24;16;0.766;0.482;0.5;0.871;0.371;0.556;0.976
KNN;fine_pine;0.2;9;991;14;6;0.793;0.475;0.474;0.885;0.369;0.6;0.986
KNN;fine_pineapple;0.2;20;939;35;26;0.699;0.366;0.396;0.829;0.308;0.435;0.964
KNN;fine_plum;0.1;7;963;43;7;0.729;0.246;0.219;0.734;0.299;0.5;0.957
KNN;fine_popcorn;0.2;4;1013;1;2;0.833;0.729;0.727;0.913;0.632;0.667;0.999
KNN;fine_potato;0.2;2;1002;6;10;0.58;0.196;0.2;0.65;0.066;0.167;0.994
KNN;fine_powdery;0.2;10;950;36;24;0.629;0.223;0.25;0.744;0.13;0.294;0.963
KNN;fine_pungent;0.2;13;941;32;34;0.622;0.249;0.283;0.739;0.192;0.277;0.967
KNN;fine_radish;0.2;3;1002;3;12;0.599;0.31;0.286;0.62;0.179;0.2;0.997
KNN;fine_raspberry;0.1;2;975;37;6;0.607;0.098;0.085;0.611;0.193;0.25;0.963
KNN;fine_ripe;0.2;4;988;11;17;0.59;0.212;0.222;0.687;0.093;0.19;0.989
KNN;fine_roasted;0.2;36;919;41;24;0.779;0.496;0.526;0.875;0.454;0.6;0.957
KNN;fine_rose;0.2;42;897;55;26;0.78;0.476;0.509;0.838;0.423;0.618;0.942
KNN;fine_rummy;0.2;7;985;11;17;0.64;0.323;0.333;0.781;0.226;0.292;0.989
KNN;fine_sandalwood;0.2;3;1007;6;4;0.711;0.373;0.375;0.923;0.546;0.429;0.994
KNN;fine_savory;0.2;6;971;23;20;0.604;0.197;0.218;0.77;0.155;0.231;0.977
KNN;fine_sharp;0.2;4;982;13;21;0.573;0.177;0.19;0.659;0.076;0.16;0.987
KNN;fine_smoky;0.2;5;988;18;9;0.67;0.266;0.27;0.836;0.181;0.357;0.982
KNN;fine_soapy;0.2;1;998;5;16;0.527;0.09;0.087;0.632;0.054;0.059;0.995
KNN;fine_solvent;0.2;5;995;13;7;0.702;0.331;0.333;0.816;0.185;0.417;0.987
KNN;fine_sour;0.2;6;994;8;12;0.663;0.368;0.375;0.706;0.263;0.333;0.992
KNN;fine_spicy;0.2;41;850;77;52;0.679;0.322;0.389;0.742;0.28;0.441;0.917
KNN;fine_strawberry;0.1;5;962;43;10;0.645;0.165;0.159;0.648;0.091;0.333;0.957
KNN;fine_sulfurous;0.4;52;921;19;28;0.815;0.665;0.689;0.933;0.668;0.65;0.98
KNN;fine_sweaty;0.2;1;1010;2;7;0.562;0.2;0.182;0.67;0.064;0.125;0.998
KNN;fine_sweet;0.2;208;419;316;77;0.65;0.269;0.514;0.708;0.459;0.73;0.57
KNN;fine_tea;0.2;0;1006;3;11;0.499;-0.006;0.0;0.705;0.052;0.0;0.997
KNN;fine_terpenic;0.2;2;998;12;8;0.594;0.159;0.167;0.78;0.102;0.2;0.988
KNN;fine_tobacco;0.2;7;983;14;16;0.645;0.304;0.318;0.709;0.25;0.304;0.986
KNN;fine_tomato;0.2;0;1011;3;6;0.499;-0.004;0.0;0.737;0.057;0.0;0.997
KNN;fine_tropical;0.2;35;874;66;45;0.684;0.331;0.387;0.749;0.241;0.438;0.93
KNN;fine_vanilla;0.4;10;989;8;13;0.713;0.481;0.488;0.83;0.406;0.435;0.992
KNN;fine_vegetable;0.2;24;925;38;33;0.691;0.367;0.403;0.755;0.269;0.421;0.961
KNN;fine_vetiver;0.1;4;984;27;5;0.709;0.228;0.2;0.713;0.209;0.444;0.973
KNN;fine_violet;0.2;10;999;7;4;0.854;0.643;0.645;0.887;0.535;0.714;0.993
KNN;fine_warm;0.1;4;939;62;15;0.574;0.082;0.094;0.574;0.027;0.211;0.938
KNN;fine_waxy;0.2;66;840;81;33;0.789;0.488;0.537;0.862;0.462;0.667;0.912
KNN;fine_weedy;0.1;1;969;41;9;0.53;0.029;0.038;0.53;0.011;0.1;0.959
KNN;fine_winey;0.2;22;939;31;28;0.704;0.397;0.427;0.83;0.336;0.44;0.968
KNN;fine_woody;0.2;83;786;99;52;0.751;0.445;0.524;0.806;0.487;0.615;0.888
